,Cumulative number of tests,Number of patients being treated,Number of releases from quarantine,Number of deaths,Number of confirmed cases,Number of tests in progress,Number of people who are negative,Confirmed individuals (matant virus),Confirmed individuals (matant virus),Confirmed individuals (matant virus),Confirmed individuals (matant virus),Confirmed individuals (matant virus),
,Total (E),Quarantined (Q),Recovered (R),Cumulative death (D),Cumulative number of confirmed cases (I),test,Negative,Cumulative count (tests),Daily (tests),Analysis rate,Detection rate,Daily,
date,accExamCnt,careCnt,clearCnt,deathCnt,decideCnt,examCnt,resutlNegCnt,mutant,mutant_d,PA,PF,mutant,
2020.2.8,2097,22,2,0,24,939,1134,0,0,0,0,0,0
2020.2.9,2598,24,2,0,24,888,1683,0,0,0,0,0,0
2020.2.10,3110,24,3,0,27,531,2552,0,0,0,0,0,0
2020.2.11,4325,24,4,0,28,762,3535,0,0,0,0,0,0
2020.2.12,5624,21,7,0,28,785,4811,0,0,0,0,0,0
2020.2.13,6511,21,7,0,28,562,5921,0,0,0,0,0,0
2020.2.14,7242,21,7,0,28,535,6679,0,0,0,0,0,0
2020.2.15,7734,19,9,0,28,558,7148,0,0,0,0,0,0
2020.2.16,8161,20,9,0,29,485,7647,0,0,0,0,0,0
2020.2.17,8718,20,10,0,30,708,7980,0,0,0,0,0,0
2020.2.18,9772,19,12,0,31,818,8923,0,0,0,0,0,0
2020.2.19,11173,35,16,0,51,1149,9973,0,0,0,0,0,0
2020.2.20,13202,87,16,1,104,1860,11238,0,0,0,0,0,0
2020.2.21,16400,186,17,1,204,3180,13016,0,0,0,0,0,0
2020.2.22,21586,413,18,2,433,6037,15116,0,0,0,0,0,0
2020.2.23,26179,579,18,5,602,8057,17520,0,0,0,0,0,0
2020.2.24,32756,804,22,7,833,11631,20292,0,0,0,0,0,0
2020.2.25,40304,945,22,10,977,13880,25447,0,0,0,0,0,0
2020.2.26,53553,1225,24,12,1261,20716,31576,0,0,0,0,0,0
2020.2.27,66652,1727,26,13,1766,25568,39318,0,0,0,0,0,0
2020.2.28,81167,2297,27,13,2337,30237,48593,0,0,0,0,0,0
2020.2.29,94055,3105,28,17,3150,35182,55723,0,0,0,0,0,0
2020.3.1,98921,3687,31,18,3736,33360,61825,0,0,0,0,0,0
2020.3.2,109591,4159,31,22,4212,33799,71580,0,0,0,0,0,0
2020.3.3,125851,4159,34,28,4812,35555,85484,0,0,0,0,0,0
2020.3.4,136707,4750,41,32,5328,28414,102965,0,0,0,0,0,0
2020.3.5,146541,5255,88,35,5766,21810,118965,0,0,0,0,0,0
2020.3.6,164740,5643,108,42,6284,21832,136624,0,0,0,0,0,0
2020.3.7,178189,6134,118,44,6767,19620,151802,0,0,0,0,0,0
2020.3.8,188518,6605,130,50,7134,19376,162008,0,0,0,0,0,0
2020.3.9,196618,6954,166,51,7382,17458,171778,0,0,0,0,0,0
2020.3.10,210144,7165,247,54,7513,18452,184179,0,0,0,0,0,0
2020.3.11,222395,7212,288,60,7755,18540,196100,0,0,0,0,0,0
2020.3.12,234998,7407,333,66,7869,17727,209402,0,0,0,0,0,0
2020.3.13,248647,7470,510,67,7979,17940,222728,0,0,0,0,0,0
2020.3.14,261335,7402,714,72,8086,17634,235615,0,0,0,0,0,0
2020.3.15,268212,7300,834,75,8162,16272,243778,0,0,0,0,0,0
2020.3.16,274504,7253,1137,75,8236,14971,251297,0,0,0,0,0,0
2020.3.17,286716,7024,1401,81,8320,17291,261105,0,0,0,0,0,0
2020.3.18,295647,6838,1540,84,8413,16346,270888,0,0,0,0,0,0
2020.3.19,307024,6789,1947,91,8565,15904,282555,0,0,0,0,0,0
2020.3.20,316664,6527,2233,94,8652,15525,292487,0,0,0,0,0,0
2020.3.21,327509,6325,2612,102,8799,15704,303006,0,0,0,0,0,0
2020.3.22,331780,6085,2909,104,8897,14540,308343,0,0,0,0,0,0
2020.3.23,338036,5884,3166,111,8961,13628,315447,0,0,0,0,0,0
2020.3.24,348582,5684,3507,120,9037,15440,324105,0,0,0,0,0,0
2020.3.25,357896,5410,3730,126,9137,14278,334481,0,0,0,0,0,0
2020.3.26,364942,5281,4144,131,9241,14369,341332,0,0,0,0,0,0
2020.3.27,376961,4966,4528,139,9332,15219,352410,0,0,0,0,0,0
2020.3.28,387925,4665,4811,144,9478,16564,361883,0,0,0,0,0,0
2020.3.29,394141,4523,5033,152,9583,15028,369530,0,0,0,0,0,0
2020.3.30,395194,4398,5228,158,9661,13531,372002,0,0,0,0,0,0
2020.3.31,410564,4275,5408,162,9786,16892,383886,0,0,0,0,0,0
2020.4.1,421547,4216,5567,165,9887,16585,395075,0,0,0,0,0,0
2020.4.2,431743,4155,5828,169,9976,17885,403882,0,0,0,0,0,0
2020.4.3,443273,3979,6021,174,10062,18908,414303,0,0,0,0,0,0
2020.4.4,455032,3867,6325,177,10156,20144,424732,0,0,0,0,0,0
2020.4.5,461233,3654,6463,183,10237,19571,431425,0,0,0,0,0,0
2020.4.6,466804,3591,6598,186,10284,19295,437225,0,0,0,0,0,0
2020.4.7,477304,3500,6694,192,10331,20650,446323,0,0,0,0,0,0
2020.4.8,486003,3445,6776,200,10384,17858,457761,0,0,0,0,0,0
2020.4.9,494711,3408,6973,204,10423,15509,468779,0,0,0,0,0,0
2020.4.10,503051,3246,7117,208,10450,15298,477303,0,0,0,0,0,0
2020.4.11,510479,3125,7243,211,10480,14070,485929,0,0,0,0,0,0
2020.4.12,514621,3026,7368,214,10512,13788,490321,0,0,0,0,0,0
2020.4.13,518743,2930,7447,217,10537,13391,494815,0,0,0,0,0,0
2020.4.14,527438,2873,7534,222,10564,14651,502223,0,0,0,0,0,0
2020.4.15,534552,2808,7616,225,10591,15026,508935,0,0,0,0,0,0
2020.4.16,538775,2750,7757,229,10613,14268,513894,0,0,0,0,0,0
2020.4.17,546463,2627,7829,230,10635,14186,521642,0,0,0,0,0,0
2020.4.18,554834,2576,7937,232,10653,13550,530631,0,0,0,0,0,0
2020.4.19,559109,2484,8042,234,10661,12243,536205,0,0,0,0,0,0
2020.4.20,563035,2385,8114,236,10674,11981,540380,0,0,0,0,0,0
2020.4.21,571014,2324,8213,237,10683,12721,547610,0,0,0,0,0,0
2020.4.22,577959,2233,8277,238,10694,12121,555144,0,0,0,0,0,0
2020.4.23,583971,2179,8411,240,10702,10139,563130,0,0,0,0,0,0
2020.4.24,589520,2051,8501,240,10708,9600,569212,0,0,0,0,0,0
2020.4.25,595161,1967,8635,240,10718,9259,575184,0,0,0,0,0,0
2020.4.26,598285,1843,8717,242,10728,8999,578558,0,0,0,0,0,0
2020.4.27,601660,1769,8764,243,10738,8895,582027,0,0,0,0,0,0
2020.4.28,608514,1731,8854,244,10752,9203,588559,0,0,0,0,0,0
2020.4.29,614197,1654,8922,246,10761,8307,595129,0,0,0,0,0,0
2020.4.30,619881,1593,9059,247,10765,8634,600482,0,0,0,0,0,0
2020.5.1,623069,1459,9072,248,10774,8685,603610,0,0,0,0,0,0
2020.5.2,627562,1454,9123,250,10780,8496,608286,0,0,0,0,0,0
2020.5.3,630973,1407,9183,250,10793,8588,611592,0,0,0,0,0,0
2020.5.4,633921,1360,9217,252,10801,8176,614944,0,0,0,0,0,0
2020.5.5,640237,1332,9283,254,10804,8858,620575,0,0,0,0,0,0
2020.5.6,643095,1267,9333,255,10806,8009,624280,0,0,0,0,0,0
2020.5.7,649388,1218,9419,256,10810,8429,630149,0,0,0,0,0,0
2020.5.8,654863,1135,9484,256,10822,8867,635174,0,0,0,0,0,0
2020.5.9,660030,1082,9568,256,10840,9153,640037,0,0,0,0,0,0
2020.5.10,663886,1016,9610,256,10874,10128,642884,0,0,0,0,0,0
2020.5.11,668492,1008,9632,256,10909,10922,646661,0,0,0,0,0,0
2020.5.12,680890,1021,9670,258,10936,16330,653624,0,0,0,0,0,0
2020.5.13,695920,1008,9695,259,10962,19579,665379,0,0,0,0,0,0
2020.5.14,711484,1008,9762,260,10991,20722,679771,0,0,0,0,0,0
2020.5.15,726747,969,9821,260,11018,19875,695854,0,0,0,0,0,0
2020.5.16,740645,937,9851,262,11037,18343,711265,0,0,0,0,0,0
2020.5.17,747653,924,9888,262,11050,17660,718943,0,0,0,0,0,0
2020.5.18,753211,900,9904,263,11065,16093,726053,0,0,0,0,0,0
2020.5.19,765574,898,9938,263,11078,16925,737571,0,0,0,0,0,0
2020.5.20,776433,877,10066,263,11110,16351,748972,0,0,0,0,0,0
2020.5.21,788684,781,10135,264,11122,18089,759473,0,0,0,0,0,0
2020.5.22,802418,723,10162,264,11142,20286,770990,0,0,0,0,0,0
2020.5.23,814420,716,10194,266,11165,21569,781686,0,0,0,0,0,0
2020.5.24,820289,705,10213,266,11190,20333,788766,0,0,0,0,0,0
2020.5.25,826437,711,10226,267,11206,19089,796142,0,0,0,0,0,0
2020.5.26,839475,713,10275,269,11225,22044,806206,0,0,0,0,0,0
2020.5.27,852876,681,10295,269,11265,21061,820550,0,0,0,0,0,0
2020.5.28,868666,701,10340,269,11344,22370,834952,0,0,0,0,0,0
2020.5.29,885120,735,10363,269,11402,24557,849161,0,0,0,0,0,0
2020.5.30,902901,770,10398,269,11441,26298,865162,0,0,0,0,0,0
2020.5.31,910822,774,10405,270,11468,23294,876060,0,0,0,0,0,0
2020.6.1,921391,793,10422,271,11503,24058,885830,0,0,0,0,0,0
2020.6.2,939851,810,10446,272,11541,28922,899388,0,0,0,0,0,0
2020.6.3,956852,823,10467,273,11590,27865,917397,0,0,0,0,0,0
2020.6.4,973858,850,10499,273,11629,28199,934030,0,0,0,0,0,0
2020.6.5,990960,857,10506,273,11668,28766,950526,0,0,0,0,0,0
2020.6.6,1005305,889,10531,273,11719,27954,965632,0,0,0,0,0,0
2020.6.7,1012769,915,10552,273,11776,26481,974512,0,0,0,0,0,0
2020.6.8,1018213,951,10563,273,11813,24374,982026,0,0,0,0,0,0
2020.6.9,1035996,977,10589,274,11851,27459,996686,0,0,0,0,0,0
2020.6.10,1051971,988,10611,276,11901,26223,1013847,0,0,0,0,0,0
2020.6.11,1066887,1014,10654,276,11946,25494,1029447,0,0,0,0,0,0
2020.6.12,1081486,1016,10669,277,12002,24244,1045240,0,0,0,0,0,0
2020.6.13,1094703,1056,10691,277,12050,23352,1059301,0,0,0,0,0,0
2020.6.14,1100327,1082,10718,277,12084,21356,1066887,0,0,0,0,0,0
2020.6.15,1105719,1089,10730,277,12121,20793,1072805,0,0,0,0,0,0
2020.6.16,1119767,1114,10760,278,12155,22632,1084980,0,0,0,0,0,0
2020.6.17,1132823,1117,10774,279,12198,21489,1099136,0,0,0,0,0,0
2020.6.18,1145712,1145,10800,280,12257,21714,1111741,0,0,0,0,0,0
2020.6.19,1158063,1177,10835,280,12306,21190,1124567,0,0,0,0,0,0
2020.6.20,1170901,1191,10856,280,12373,21470,1137058,0,0,0,0,0,0
2020.6.21,1176463,1237,10868,280,12421,20071,1143971,0,0,0,0,0,0
2020.6.22,1182066,1273,10881,280,12438,19403,1150225,0,0,0,0,0,0
2020.6.23,1196012,1277,10908,281,12484,22278,1161250,0,0,0,0,0,0
2020.6.24,1208597,1295,10930,281,12535,20245,1175817,0,0,0,0,0,0
2020.6.25,1220478,1324,10974,282,12563,18900,1189015,0,0,0,0,0,0
2020.6.26,1232315,1307,11172,282,12602,18828,1200885,0,0,0,0,0,0
2020.6.27,1243780,1148,11317,282,12653,19866,1211261,0,0,0,0,0,0
2020.6.28,1251695,1054,11364,282,12715,19005,1219975,0,0,0,0,0,0
2020.6.29,1259954,1069,11429,282,12757,18499,1228698,0,0,0,0,0,0
2020.6.30,1273765,1046,11537,282,12799,20809,1240157,0,0,0,0,0,0
2020.7.1,1285231,980,11613,282,12850,19526,1252855,0,0,0,0,0,0
2020.7.2,1295962,955,11684,282,12904,19782,1263276,0,0,0,0,0,0
2020.7.3,1307761,938,11759,282,12965,21560,1273236,0,0,0,0,0,0
2020.7.4,1319521,924,11811,283,13028,22321,1284172,0,0,0,0,0,0
2020.7.5,1326055,934,11832,283,13089,21649,1291317,0,0,0,0,0,0
2020.7.6,1331796,974,11848,284,13137,21292,1297367,0,0,0,0,0,0
2020.7.7,1346194,1005,11914,285,13181,23675,1309338,0,0,0,0,0,0
2020.7.8,1359734,982,11970,285,13243,24012,1322479,0,0,0,0,0,0
2020.7.9,1371771,988,12019,287,13293,23912,1334566,0,0,0,0,0,0
2020.7.10,1384890,987,12065,288,13338,23527,1348025,0,0,0,0,0,0
2020.7.11,1396941,985,12144,288,13373,22950,1360618,0,0,0,0,0,0
2020.7.12,1402144,941,12178,289,13417,21830,1366897,0,0,0,0,0,0
2020.7.13,1408312,950,12204,289,13479,21845,1372988,0,0,0,0,0,0
2020.7.14,1420616,986,12282,289,13512,24289,1382815,0,0,0,0,0,0
2020.7.15,1431316,941,12348,289,13551,23297,1394468,0,0,0,0,0,0
2020.7.16,1441348,914,12396,291,13612,23404,1404332,0,0,0,0,0,0
2020.7.17,1451017,925,12460,293,13672,23110,1414235,0,0,0,0,0,0
2020.7.18,1460204,919,12519,294,13711,22923,1423570,0,0,0,0,0,0
2020.7.19,1465299,898,12556,295,13745,21953,1429601,0,0,0,0,0,0
2020.7.20,1470193,894,12572,296,13771,21302,1435120,0,0,0,0,0,0
2020.7.21,1482390,903,12643,296,13816,23864,1444710,0,0,0,0,0,0
2020.7.22,1492071,877,12698,297,13879,21751,1456441,0,0,0,0,0,0
2020.7.23,1500854,884,12758,297,13938,21418,1465498,0,0,0,0,0,0
2020.7.24,1510327,883,12817,298,13979,20559,1475789,0,0,0,0,0,0
2020.7.25,1518634,864,12866,298,14092,19681,1484861,0,0,0,0,0,0
2020.7.26,1522926,928,12890,298,14150,19214,1489562,0,0,0,0,0,0
2020.7.27,1526974,962,12905,299,14175,18770,1494029,0,0,0,0,0,0
2020.7.28,1537704,971,13007,300,14203,20444,1503057,0,0,0,0,0,0
2020.7.29,1547307,896,13069,300,14251,19326,1513730,0,0,0,0,0,0
2020.7.30,1556215,882,13132,300,14269,19018,1522928,0,0,0,0,0,0
2020.7.31,1563796,837,13183,301,14305,18330,1531161,0,0,0,0,0,0
2020.8.1,1571830,821,13233,301,14336,18278,1539216,0,0,0,0,0,0
2020.8.2,1576246,802,13259,301,14366,17768,1544112,0,0,0,0,0,0
2020.8.3,1579757,806,13280,301,14389,17401,1547967,0,0,0,0,0,0
2020.8.4,1589780,808,13352,301,14423,18724,1556633,0,0,0,0,0,0
2020.8.5,1598187,770,13406,302,14456,18490,1565241,0,0,0,0,0,0
2020.8.6,1606487,748,13501,302,14499,18031,1573957,0,0,0,0,0,0
2020.8.7,1613652,696,13543,303,14519,17068,1582065,0,0,0,0,0,0
2020.8.8,1620514,673,13629,304,14562,16105,1589847,0,0,0,0,0,0
2020.8.9,1624650,629,13642,305,14598,16803,1593249,0,0,0,0,0,0
2020.8.10,1628303,651,13658,305,14626,16396,1597281,0,0,0,0,0,0
2020.8.11,1637844,663,13729,305,14660,17489,1605695,0,0,0,0,0,0
2020.8.12,1646652,626,13786,305,14714,17375,1614563,0,0,0,0,0,0
2020.8.13,1654898,623,13817,305,14770,17798,1622330,0,0,0,0,0,0
2020.8.14,1665084,648,13863,305,14873,20132,1630079,0,0,0,0,0,0
2020.8.15,1675296,705,13901,305,15039,21618,1638639,0,0,0,0,0,0
2020.8.16,1681787,833,13910,305,15318,22005,1644464,0,0,0,0,0,0
2020.8.17,1688470,1103,13917,305,15515,22964,1649991,0,0,0,0,0,0
2020.8.18,1697042,1293,13934,306,15761,25219,1656062,0,0,0,0,0,0
2020.8.19,1715064,1521,14006,306,16058,31022,1667984,0,0,0,0,0,0
2020.8.20,1734083,1746,14063,307,16346,34998,1682739,0,0,0,0,0,0
2020.8.21,1754123,1976,14120,309,16670,38045,1699408,0,0,0,0,0,0
2020.8.22,1775800,2241,14169,309,17002,42427,1716371,0,0,0,0,0,0
2020.8.23,1791186,2524,14200,309,17398,47564,1726224,0,0,0,0,0,0
2020.8.24,1804422,2889,14219,309,17664,47995,1738763,0,0,0,0,0,0
2020.8.25,1825837,3136,14286,310,17944,50362,1757531,0,0,0,0,0,0
2020.8.26,1849506,3348,14368,312,18264,52795,1778447,0,0,0,0,0,0
2020.8.27,1869579,3584,14461,313,18705,52041,1798833,0,0,0,0,0,0
2020.8.28,1887717,3931,14551,316,19076,50711,1817930,0,0,0,0,0,0
2020.8.29,1909329,4209,14765,321,19399,54046,1835884,0,0,0,0,0,0
2020.8.30,1924170,4313,14903,323,19698,58021,1846451,0,0,0,0,0,0
2020.8.31,1937689,4472,14973,324,19946,57876,1859867,0,0,0,0,0,0
2020.9.1,1959080,4649,15198,324,20181,56743,1882156,0,0,0,0,0,0
2020.9.2,1980295,4659,15356,326,20448,56748,1903099,0,0,0,0,0,0
2020.9.3,2000552,4766,15529,329,20643,55524,1924385,0,0,0,0,0,0
2020.9.4,2018906,4785,15783,331,20841,52266,1945799,0,0,0,0,0,0
2020.9.5,2037045,4727,16008,333,21009,52077,1963959,0,0,0,0,0,0
2020.9.6,2045935,4668,16145,334,21176,49621,1975138,0,0,0,0,0,0
2020.9.7,2051297,4697,16296,336,21295,47109,1982893,0,0,0,0,0,0
2020.9.8,2066078,4663,16635,341,21431,43370,2001277,0,0,0,0,0,0
2020.9.9,2082234,4455,17022,344,21587,36533,2024114,0,0,0,0,0,0
2020.9.10,2099591,4221,17359,346,21742,33018,2044831,0,0,0,0,0,0
2020.9.11,2119211,4037,17615,350,21918,29423,2067870,0,0,0,0,0,0
2020.9.12,2135457,3953,18028,355,22054,27826,2085577,0,0,0,0,0,0
2020.9.13,2143270,3671,18225,358,22175,27705,2093390,0,0,0,0,0,0
2020.9.14,2151002,3592,18488,363,22284,27476,2101242,0,0,0,0,0,0
2020.9.15,2164578,3433,18877,367,22390,27310,2114878,0,0,0,0,0,0
2020.9.16,2178832,3146,19309,367,22503,25842,2130487,0,0,0,0,0,0
2020.9.17,2191892,2827,19542,372,22656,25508,2143728,0,0,0,0,0,0
2020.9.18,2206365,2742,19770,377,22782,25403,2158180,0,0,0,0,0,0
2020.9.19,2219162,2635,19969,378,22892,24705,2171565,0,0,0,0,0,0
2020.9.20,2226701,2545,20157,383,22974,24274,2179453,0,0,0,0,0,0
2020.9.21,2231589,2434,20247,385,23044,22536,2186009,0,0,0,0,0,0
2020.9.22,2245112,2412,20440,388,23105,23222,2198785,0,0,0,0,0,0
2020.9.23,2256899,2277,20649,388,23215,20527,2213157,0,0,0,0,0,0
2020.9.24,2268999,2178,20831,393,23340,20782,2224877,0,0,0,0,0,0
2020.9.25,2280276,2116,20977,395,23454,19575,2237247,0,0,0,0,0,0
2020.9.26,2290345,2082,21165,399,23515,18508,2248322,0,0,0,0,0,0
2020.9.27,2296517,1951,21247,401,23610,18878,2254029,0,0,0,0,0,0
2020.9.28,2301303,1962,21291,406,23660,18587,2259056,0,0,0,0,0,0
2020.9.29,2313044,1963,21469,407,23698,20056,2269290,0,0,0,0,0,0
2020.9.30,2322999,1822,21590,413,23811,20596,2278592,0,0,0,0,0,0
2020.10.1,2328435,1808,21665,415,23888,20029,2284518,0,0,0,0,0,0
2020.10.2,2333777,1808,21732,416,23951,19995,2289831,0,0,0,0,0,0
2020.10.3,2339859,1803,21786,420,24026,21287,2294546,0,0,0,0,0,0
2020.10.4,2346345,1820,21844,421,24090,22116,2300139,0,0,0,0,0,0
2020.10.5,2352378,1825,21885,422,24163,22447,2305768,0,0,0,0,0,0
2020.10.6,2365433,1856,22082,422,24238,22737,2318458,0,0,0,0,0,0
2020.10.7,2378073,1734,22333,425,24352,22138,2331583,0,0,0,0,0,0
2020.10.8,2388844,1594,22462,427,24421,20978,2343445,0,0,0,0,0,0
2020.10.9,2400233,1532,22568,428,24475,20699,2355059,0,0,0,0,0,0
2020.10.10,2404684,1479,22623,430,24547,18982,2361155,0,0,0,0,0,0
2020.10.11,2410483,1494,22692,432,24605,19303,2366575,0,0,0,0,0,0
2020.10.12,2415610,1481,22728,433,24703,19192,2371715,0,0,0,0,0,0
2020.10.13,2428771,1542,22863,434,24805,20124,2383842,0,0,0,0,0,0
2020.10.14,2441443,1508,23030,438,24878,18396,2398169,0,0,0,0,0,0
2020.10.15,2450739,1410,23082,439,24988,18262,2407489,0,0,0,0,0,0
2020.10.16,2459426,1467,23180,441,25035,17355,2417036,0,0,0,0,0,0
2020.10.17,2468527,1414,23258,443,25108,17318,2426101,0,0,0,0,0,0
2020.10.18,2474529,1407,23312,444,25199,17781,2431549,0,0,0,0,0,0
2020.10.19,2479226,1443,23368,444,25275,16763,2437188,0,0,0,0,0,0
2020.10.20,2491311,1463,23466,447,25333,19379,2446599,0,0,0,0,0,0
2020.10.21,2503489,1420,23584,450,25422,19493,2458574,0,0,0,0,0,0
2020.10.22,2515325,1388,23647,453,25543,19813,2469969,0,0,0,0,0,0
2020.10.23,2528621,1443,23717,455,25698,20430,2482493,0,0,0,0,0,0
2020.10.24,2540679,1526,23834,457,25775,21888,2493016,0,0,0,0,0,0
2020.10.25,2546146,1484,23869,457,25836,21682,2498628,0,0,0,0,0,0
2020.10.26,2552264,1510,23905,457,25955,20763,2505546,0,0,0,0,0,0
2020.10.27,2567587,1593,23981,460,26043,23003,2518541,0,0,0,0,0,0
2020.10.28,2582960,1602,24073,461,26146,22904,2533910,0,0,0,0,0,0
2020.10.29,2597978,1612,24168,462,26271,26148,2545559,0,0,0,0,0,0
2020.10.30,2612231,1641,24227,463,26384,26373,2559474,0,0,0,0,0,0
2020.10.31,2624492,1694,24311,464,26511,25678,2572303,0,0,0,0,0,0
2020.11.1,2630630,1736,24357,466,26635,24838,2579157,0,0,0,0,0,0
2020.11.2,2636650,1812,24395,468,26732,25524,2584394,0,0,0,0,0,0
2020.11.3,2649859,1869,24510,472,26807,25815,2597237,0,0,0,0,0,0
2020.11.4,2662260,1825,24616,474,26924,24255,2611081,0,0,0,0,0,0
2020.11.5,2673706,1834,24735,475,27050,25062,2621594,0,0,0,0,0,0
2020.11.6,2686314,1840,24821,476,27195,25629,2633490,0,0,0,0,0,0
2020.11.7,2697249,1898,24910,477,27284,26217,2643748,0,0,0,0,0,0
2020.11.8,2702880,1897,24968,478,27427,25648,2649805,0,0,0,0,0,0
2020.11.9,2709199,1981,25029,480,27553,25802,2655844,0,0,0,0,0,0
2020.11.10,2723960,2044,25160,485,27653,27855,2668452,0,0,0,0,0,0
2020.11.11,2736534,2008,25266,487,27799,28688,2680047,0,0,0,0,0,0
2020.11.12,2749772,2046,25404,487,27942,29284,2692546,0,0,0,0,0,0
2020.11.13,2761411,2051,25537,488,28133,30119,2703159,0,0,0,0,0,0
2020.11.14,2777289,2108,25636,492,28338,34692,2714259,0,0,0,0,0,0
2020.11.15,2786878,2210,25691,493,28546,36378,2721954,0,0,0,0,0,0
2020.11.16,2797690,2362,25759,494,28768,38314,2730608,0,0,0,0,0,0
2020.11.17,2815755,2515,25860,494,28998,41202,2745555,0,0,0,0,0,0
2020.11.18,2834362,2644,25973,496,29311,42688,2762363,0,0,0,0,0,0
2020.11.19,2853843,2842,26098,498,29654,45525,2778664,0,0,0,0,0,0
2020.11.20,2873443,3058,26263,501,30017,48143,2795283,0,0,0,0,0,0
2020.11.21,2896746,3253,26365,503,30403,51345,2814998,0,0,0,0,0,0
2020.11.22,2908890,3535,26466,505,30733,54029,2824128,0,0,0,0,0,0
2020.11.23,2922135,3762,26539,509,31004,56455,2834676,0,0,0,0,0,0
2020.11.24,2946336,4058,26722,510,31290,57769,2857277,0,0,0,0,0,0
2020.11.25,2966342,4334,26825,513,31672,55838,2878832,0,0,0,0,0,0
2020.11.26,2987982,4788,26950,515,32253,55361,2900368,0,0,0,0,0,0
2020.11.27,3009499,5189,27103,516,32808,56637,2920054,0,0,0,0,0,0
2020.11.28,3031940,5440,27349,522,33311,58794,2939835,0,0,0,0,0,0
2020.11.29,3046908,5696,27542,523,33761,62829,2950318,0,0,0,0,0,0
2020.11.30,3061170,6048,27625,526,34199,63365,2963606,0,0,0,0,0,0
2020.12.1,3083995,6239,27885,526,34650,64892,2984453,0,0,0,0,0,0
2020.12.2,3106968,6570,28065,526,35161,65154,3006653,0,0,0,0,0,0
2020.12.3,3131884,6820,28352,529,35701,65788,3030395,0,0,0,0,0,0
2020.12.4,3157407,7182,28611,536,36329,64017,3057061,0,0,0,0,0,0
2020.12.5,3180487,7449,28917,540,36906,66267,3077314,0,0,0,0,0,0
2020.12.6,3194858,7864,29128,545,37537,67716,3089605,0,0,0,0,0,0
2020.12.7,3209367,8302,29301,549,38152,68010,3103205,0,0,0,0,0,0
2020.12.8,3221449,8676,29650,552,38878,71274,3111297,0,0,0,0,0,0
2020.12.9,3253213,8676,30177,556,39409,75080,3138724,0,0,0,0,0,0
2020.12.10,3277938,8888,30637,564,40089,72764,3165085,0,0,0,0,0,0
2020.12.11,3311205,9049,31157,572,40778,77688,3192739,0,0,0,0,0,0
2020.12.12,3349856,9657,31493,578,41728,86742,3221386,0,0,0,0,0,0
2020.12.13,3374585,10364,31814,580,42758,90127,3241700,0,0,0,0,0,0
2020.12.14,3397031,10787,32102,587,43476,89247,3264308,0,0,0,0,0,0
2020.12.15,3441212,11197,32559,600,44356,93473,3303383,0,0,0,0,0,0
2020.12.16,3488761,11875,32947,612,45434,94784,3348543,0,0,0,0,0,0
2020.12.17,3538835,12204,33610,634,46448,99258,3393129,0,0,0,0,0,0
2020.12.18,3589792,12885,33982,645,47512,110618,3431662,0,0,0,0,0,0
2020.12.19,3646235,13564,34334,659,48557,126233,3471445,0,0,0,0,0,0
2020.12.20,3683083,14258,34722,674,49654,139475,3493954,0,0,0,0,0,0
2020.12.21,3713849,14725,35155,698,50578,146438,3516833,0,0,0,0,0,0
2020.12.22,3772416,14794,35928,722,51444,151129,3569843,0,0,0,0,0,0
2020.12.23,3826556,15069,36726,739,52534,153109,3620913,0,0,0,0,0,0
2020.12.24,3882196,15338,37425,756,53519,150533,3678144,0,0,0,0,0,0
2020.12.25,3939346,15938,38048,773,54759,156789,3727798,0,0,0,0,0,0
2020.12.26,3969403,16565,38532,793,55890,157012,3756501,0,0,0,0,0,0
2020.12.27,4006400,17012,39040,808,56860,166976,3782564,0,0,0,0,0,0
2020.12.28,4038294,17579,39268,819,57666,169878,3810750,0,0,0,0,0,0
2020.12.29,4098166,17148,40703,859,58710,170962,3868494,0,0,0,0,0,0
2020.12.30,4159509,17446,41435,879,59760,171771,3927978,0,0,0,0,0,0
2020.12.31,4213867,17557,42270,900,60727,170338,3982802,0,0,0,0,0,0
2021.1.1,4269303,17884,42953,917,61754,176927,4030622,0,10,20,0.21875,2,0
2021.1.2,4302780,18054,43578,942,62574,179387,4060819,10,0,20,0.4375,4,0
2021.1.3,4340825,17762,44507,962,63231,186472,4091122,10,1,20,0.65625,4,0
2021.1.4,4376595,18030,45240,981,64251,190732,4121612,11,1,20,0.875,9,0
2021.1.5,4439347,17786,46172,1007,64965,193751,4180631,12,1,20,1.09375,8,0
2021.1.6,4504853,17781,46995,1027,65803,192082,4246968,13,2,20,1.3125,11,0
2021.1.7,4569796,17977,47649,1046,66672,191762,4311362,15,1,20,1.53125,13,0
2021.1.8,4629992,17896,48369,1081,67346,190452,4372194,16,1,20,1.75,12,0
2021.1.9,4689604,17563,49324,1100,67987,185923,4435694,17,0,20,1.96875,13,0
2021.1.10,4723444,17110,50409,1125,68644,191454,4463346,17,1,20,2.1875,14,0
2021.1.11,4751666,15403,52552,1140,69095,189763,4492808,18,1,20,2.40625,11,0
2021.1.12,4814067,14898,53569,1165,69632,186770,4557665,19,1,20,2.625,14,0
2021.1.13,4872301,14372,54636,1185,70193,182914,4619194,20,0,20,2.84375,16,0
2021.1.14,4925348,13750,55772,1195,70717,169742,4684889,20,1,20,3.0625,16,0
2021.1.15,4978063,13476,56536,1217,71229,162323,4744511,21,1,20,3.28125,17,0
2021.1.16,5032259,13019,57554,1236,71809,155639,4804811,22,1,20,3.5,20,0
2021.1.17,5061279,12827,58253,1249,72329,159385,4829565,23,0,20,3.71875,19,0
2021.1.18,5087209,12731,58723,1264,72718,158035,4856456,23,1,20,3.9375,15,0
2021.1.19,5140315,12353,59468,1283,73104,154345,4912866,24,1,20,4.15625,16,0
2021.1.20,5192119,12028,60180,1300,73508,148141,4970470,25,1,20,4.375,18,0
2021.1.21,5237598,11746,60846,1316,73908,141070,5022620,26,0,20,4.59375,18,0
2021.1.22,5282216,11511,61415,1328,74254,133132,5074830,26,1,20,4.8125,17,0
2021.1.23,5329700,11304,62044,1337,74685,136629,5118386,27,1,20,5.03125,22,0
2021.1.24,5354342,11198,62530,1349,75077,135765,5143500,28,1,20,5.25,21,0
2021.1.25,5376079,11198,62956,1360,75514,134549,5166016,29,0,20,5.46875,24,0
2021.1.26,5422761,9699,64793,1371,75863,138624,5208274,29,1,20,5.6875,20,0
2021.1.27,5469240,9566,65478,1378,76422,138427,5254391,30,1,20,5.90625,33,0
2021.1.28,5522182,9517,66016,1386,76919,139424,5305839,31,1,20,6.125,30,0
2021.1.29,5569257,9486,66503,1399,77388,142753,5349116,32,0,20,6.34375,30,0
2021.1.30,5616524,9309,67121,1414,77844,145795,5392885,32,1,20,6.5625,30,0
2021.1.31,5640813,8900,67878,1420,78198,149550,5413065,33,1,20,6.78125,24,0
2021.2.1,5661837,8769,68309,1425,78503,149456,5433878,34,3,20,7,21,1
2021.2.2,5711408,8629,68775,1435,78839,154265,5478304,37,4,20,7.21875,24,1
2021.2.3,5756709,8566,69299,1441,79306,138849,5538554,41,3,20,7.4375,35,1
2021.2.4,5803090,8605,69704,1448,79757,120538,5602795,44,4,20,7.65625,35,2
2021.2.5,5847174,8551,70117,1459,80127,107457,5659590,48,3,20,7.875,29,1
2021.2.6,5893346,8548,70505,1464,80517,97677,5715152,51,1,20,8.09375,32,0
2021.2.7,5916967,8552,70865,1471,80888,90751,5745328,52,2,20,8.3125,31,1
2021.2.8,5938188,8484,71218,1474,81176,84843,5772169,54,2,20,8.53125,25,1
2021.2.9,5987398,8321,71676,1482,81479,82630,5823289,56,12,20,8.75,27,5
2021.2.10,6030016,8211,72226,1486,81923,80076,5868017,68,12,20,8.96875,40,5
2021.2.11,6070001,8293,72638,1496,82427,81614,5905960,80,10,20,9.1875,46,5
2021.2.12,6093362,8387,72936,1507,82830,80861,5929671,90,11,20,9.40625,38,5
2021.2.13,6115330,8451,73227,1514,83192,70251,5961887,101,3,20,9.625,35,1
2021.2.14,6140079,8437,73559,1522,83518,78200,5978361,104,2,20,9.84375,32,1
2021.2.15,6162852,8540,73794,1527,83861,80146,5998845,106,3,20,10.0625,35,2
2021.2.16,6213483,8233,74551,1534,84318,76897,6052268,109,2,20,10.28125,47,1
2021.2.17,6260560,8041,75360,1538,84939,72410,6103211,111,3,20,10.5,65,2
2021.2.18,6303207,8120,75896,1544,85560,70720,6146927,114,2,20,10.71875,67,1
2021.2.19,6345985,8058,76513,1550,86121,71116,6188748,116,3,20,10.9375,61,2
2021.2.20,6390625,7934,77083,1553,86570,76137,6227918,119,5,20,11.15625,50,3
2021.2.21,6411333,7912,77516,1557,86985,73356,6250992,124,4,20,11.375,47,2
2021.2.22,6429137,7868,77887,1562,87317,72461,6269359,128,5,20,11.59375,38,3
2021.2.23,6472671,7706,78394,1573,87673,74065,6310933,133,4,20,11.8125,42,2
2021.2.24,6510981,7487,79050,1576,88113,74988,6347880,137,5,20,12.03125,53,3
2021.2.25,6551206,7440,79487,1581,88508,68672,6394026,142,3,20,12.25,48,2
2021.2.26,6590042,7430,79880,1585,88895,68942,6432205,145,3,20,12.46875,48,2
2021.2.27,6627207,7382,80333,1595,89310,68989,6468908,148,3,20,12.6875,53,2
2021.2.28,6648996,7365,80697,1603,89665,72889,6486442,151,2,20,12.90625,46,1
2021.3.1,6665747,7345,81070,1605,90020,73745,6501982,153,3,20,13.125,47,2
2021.3.2,6681969,7420,81338,1606,90364,73432,6518173,156,3,20,13.34375,46,2
2021.3.3,6716196,7496,81700,1612,90808,65867,6559521,159,3,20,13.5625,60,2
2021.3.4,6751893,7451,82162,1619,91232,60089,6600572,162,5,20,13.78125,58,3
2021.3.5,6789004,7443,82560,1627,91630,63707,6633667,167,5,20,14,56,4
2021.3.6,6821936,7503,82913,1632,92048,65171,6664717,172,5,20,14.21875,59,4
2021.3.7,6843119,7610,83220,1634,92464,66396,6684259,177,5,20,14.4375,60,4
2021.3.8,6861802,7694,83474,1642,92810,67394,6701598,182,4,20,14.65625,51,3
2021.3.9,6902977,7711,83900,1645,93256,70501,6739220,186,5,20,14.875,66,4
2021.3.10,6938877,7766,84312,1648,93726,70278,6774873,191,4,20,15.09375,71,3
2021.3.11,6976978,7864,84675,1652,94191,68248,6814539,195,5,20,15.3125,71,4
2021.3.12,7012657,7274,85743,1662,94679,68738,6849240,200,4,20,15.53125,76,3
2021.3.13,7046775,6877,86625,1667,95169,67874,6883732,204,5,20,15.75,77,4
2021.3.14,7066394,6551,87408,1669,95628,69843,6900923,209,4,20,15.96875,73,3
2021.3.15,7084930,6578,87754,1675,96007,71590,6917333,213,5,20,16.1875,61,4
2021.3.16,7126067,6437,88255,1678,96370,78044,6951653,218,5,20,16.40625,60,4
2021.3.17,7171500,6339,88814,1686,96839,83462,6991199,223,5,20,16.625,78,4
2021.3.18,7218077,6418,89178,1688,97284,89722,7031071,228,6,20,16.84375,75,5
2021.3.19,7264931,6534,89523,1690,97747,88341,7078843,234,5,20,17.0625,79,4
2021.3.20,7308935,6552,89949,1693,98194,93018,7117723,239,5,20,17.28125,77,4
2021.3.21,7332699,6626,90328,1696,98650,98308,7135741,244,5,20,17.5,80,4
2021.3.22,7355954,6757,90611,1697,99065,103132,7153757,249,6,20,17.71875,74,5
2021.3.23,7400980,6628,91079,1704,99411,100172,7201397,255,5,20,17.9375,62,4
2021.3.24,7441203,6572,91560,1707,99839,94326,7247038,260,6,20,18.15625,78,5
2021.3.25,7485852,6492,92068,1709,100269,86983,7298600,266,6,20,18.375,79,6
2021.3.26,7529391,6412,92630,1716,100758,77409,7351224,272,6,20,18.59375,91,6
2021.3.27,7572556,6067,93475,1721,101263,75174,7396119,278,5,20,18.8125,95,5
2021.3.28,7595584,6168,93855,1722,101745,78605,7415234,283,6,20,19.03125,92,6
2021.3.29,7616317,6277,94124,1726,102127,78938,7435252,289,10,20,19.25,74,10
2021.3.30,7663991,6282,94563,1729,102574,78424,7482993,299,5,20,19.46875,87,5
2021.3.31,7707792,6319,95030,1731,103080,71302,7533410,304,5,20,19.6875,100,5
2021.4.1,7747295,6457,95439,1735,103631,68659,7575005,309,6,20,19.90625,110,6
2021.4.2,7788290,6590,95861,1737,104188,70752,7613350,315,5,20,20.125,112,5
2021.4.3,7829596,6795,96196,1740,104731,75288,7649577,320,5,20,20.34375,110,5
2021.4.4,7849470,6940,96589,1744,105273,79799,7664398,325,5,20,20.5625,111,5
2021.4.5,7868815,7099,96900,1748,105747,80497,7682571,330,7,20,20.78125,99,7
2021.4.6,7921284,7109,97363,1752,106224,79155,7735905,337,7,20,21,100,7
2021.4.7,7966161,7208,97928,1756,106892,74642,7784627,344,7,20,21.21875,142,7
2021.4.8,8012415,7474,98360,1758,107592,77994,7826829,351,7,20,21.4375,150,8
2021.4.9,8059107,7713,98786,1764,108263,81912,7868932,358,7,20,21.65625,145,8
2021.4.10,8106625,7874,99301,1765,108940,90014,7907671,365,7,20,21.875,148,8
2021.4.11,8129527,7677,100109,1768,109554,91909,7928064,372,7,20,22.09375,136,8
2021.4.12,8152778,7567,100804,1770,110141,95248,7947389,379,10,20,22.3125,131,11
2021.4.13,8200514,7576,101332,1775,110683,85584,8004247,389,10,20,22.53125,122,11
2021.4.14,8245383,7649,101983,1782,111414,74627,8059342,399,10,20,22.75,166,11
2021.4.15,8291121,7811,102513,1788,112112,70221,8108788,409,10,20,22.96875,160,11
2021.4.16,8333331,7933,103062,1790,112785,70883,8149663,419,10,20,23.1875,156,12
2021.4.17,8377778,8055,103594,1794,113443,71039,8193296,429,10,20,23.40625,154,12
2021.4.18,8396066,8311,104006,1797,114114,72191,8209761,439,10,20,23.625,159,12
2021.4.19,8414821,8371,104474,1801,114646,70763,8229412,449,11,20,23.84375,127,13
2021.4.20,8458592,8166,105227,1802,115195,66590,8276807,460,11,20,24.0625,132,13
2021.4.21,8497594,8243,105877,1806,115926,67211,8314457,471,10,20,24.28125,177,12
2021.4.22,8537505,8394,106459,1808,116661,67139,8353705,481,11,20,24.5,180,13
2021.4.23,8583530,8576,107071,1811,117458,69939,8396133,492,11,20,24.71875,197,14
2021.4.24,8632923,8650,107781,1812,118243,78269,8436411,503,11,20,24.9375,196,14
2021.4.25,8654791,8599,108475,1813,118887,77560,8458344,514,10,20,25.15625,162,13
2021.4.26,8672978,8719,108850,1817,119386,78084,8475508,524,11,20,25.375,127,14
2021.4.27,8721609,8383,109695,1820,119898,76508,8525203,535,14,20,25.59375,131,18
2021.4.28,8766491,8597,110248,1821,120666,77166,8568659,549,14,20,25.8125,198,18
2021.4.29,8805774,8734,110787,1825,121346,80392,8604036,563,14,20,26.03125,177,18
2021.4.30,8848292,8757,111422,1828,122007,82511,8643774,577,13,20,26.25,174,17
2021.5.1,8883388,8466,112337,1831,122634,85212,8675542,590,14,20,26.46875,166,19
2021.5.2,8898234,8542,112865,1833,123240,86607,8688387,604,14,20,26.6875,162,19
2021.5.3,8915326,8538,113356,1834,123728,89022,8702576,618,14,20,26.90625,131,19
2021.5.4,8957155,8301,114128,1840,124269,78096,8754790,632,25,20,27.125,147,34
2021.5.5,8994069,8154,114944,1847,124945,78995,8790129,657,25,20,27.34375,185,34
2021.5.6,9010992,8177,115491,1851,125519,77055,8808418,682,25,20,27.5625,158,34
2021.5.7,9051354,8162,116022,1860,126044,78896,8846414,707,26,20,27.78125,146,36
2021.5.8,9089166,7999,116881,1865,126745,78259,8884162,733,25,20,28,196,35
2021.5.9,9105771,8012,117423,1874,127309,81280,8897182,758,25,20,28.21875,159,35
2021.5.10,9122059,8053,117844,1875,127772,83398,8910889,783,25,20,28.4375,132,36
2021.5.11,9164284,7686,118717,1879,128282,84628,8951374,808,44,20,28.65625,146,63
2021.5.12,9201539,7661,119373,1884,128918,84279,8988342,852,43,20,28.875,184,62
2021.5.13,9241153,7836,119906,1891,129633,87517,9024003,895,44,20,29.09375,208,64
2021.5.14,9281291,8092,120395,1893,130380,95208,9055703,939,43,20,29.3125,219,63
2021.5.15,9319094,7883,121282,1896,131061,99216,9088817,982,44,20,29.53125,201,65
2021.5.16,9336614,8007,121764,1900,131671,101663,9103280,1026,43,20,29.75,181,64
2021.5.17,9353300,8224,122163,1903,132290,101804,9119206,1069,44,20,29.96875,186,66
2021.5.18,9395004,8283,122631,1904,132818,103413,9158773,1113,40,20,30.1875,159,60
2021.5.19,9428644,8322,123237,1912,133471,104494,9190679,1153,39,20,30.40625,199,59
2021.5.20,9447358,8542,123659,1916,134117,108873,9204368,1192,40,20,30.625,198,61
2021.5.21,9487108,8598,124158,1922,134678,114144,9238286,1232,39,20,30.84375,173,60
2021.5.22,9520966,8386,125032,1926,135344,117558,9268064,1271,40,20,31.0625,207,62
2021.5.23,9536299,8117,125881,1931,135929,122235,9278135,1311,39,20,31.28125,183,61
2021.5.24,9553613,8098,126427,1934,136459,120704,9296450,1350,40,20,31.5,167,63
2021.5.25,9592727,8044,126993,1938,136975,117098,9338654,1390,29,20,31.71875,164,46
2021.5.26,9629450,8160,127574,1940,137674,121069,9370707,1419,29,20,31.9375,223,46
2021.5.27,9665693,8188,128180,1943,138311,122659,9404723,1448,29,20,32.15625,205,47
2021.5.28,9702456,8193,128759,1946,138898,122872,9440686,1477,28,20,32.375,190,45
2021.5.29,9733591,7741,129739,1951,139431,123790,9470370,1505,29,20,32.59375,174,47
2021.5.30,9733591,7741,130381,1951,139910,123790,9470370,1534,29,20,32.8125,157,48
2021.5.31,9733591,7741,130823,1951,140340,123790,9470370,1563,29,20,33.03125,142,48
2021.6.1,9733591,7741,131463,1951,140799,123790,9470370,1592,21,20,33.25,153,35
2021.6.2,9733591,7741,132068,1951,141476,123790,9470370,1613,21,20,33.46875,227,35
2021.6.3,9733591,7741,132699,1951,142157,123790,9470370,1634,21,20,33.6875,229,35
2021.6.4,9733591,7741,133289,1951,142852,123790,9470370,1655,20,20,33.90625,236,34
2021.6.5,9733591,7741,133763,1951,143596,123790,9470370,1675,21,20,34.125,254,36
2021.6.6,9733591,7741,134262,1951,144152,123790,9470370,1696,21,20,34.34375,191,36
2021.6.7,9733591,7741,134861,1951,144637,123790,9470370,1717,21,20,35,170,37
2021.6.8,9733591,7741,135412,1951,145090,123790,9470370,1738,32,20,32.9,149,53
2021.6.9,9733591,7741,136174,1951,145692,123790,9470370,1770,33,20,32.9,198,54
2021.6.10,9733591,7741,136713,1951,146303,123790,9470370,1803,32,22,32.9,201,48
2021.6.11,9733591,7741,137224,1951,146857,123790,9470370,1835,32,22,32.9,182,48
2021.6.12,9733591,7741,138037,1951,147422,123790,9470370,1867,32,22,32.9,186,48
2021.6.13,9733591,7741,138581,1951,147874,123790,9470370,1899,33,22,32.9,149,49
2021.6.14,9733591,7741,139022,1951,148273,123790,9470370,1932,32,22,32.9,131,48
2021.6.15,9733591,7741,139733,1951,148646,123790,9470370,1964,65,22,32.9,123,97
2021.6.16,9733591,7741,140438,1951,149191,123790,9470370,2029,66,22,32.9,179,99
2021.6.17,9733591,7741,141029,1951,149731,123790,9470370,2095,65,18.7,30.5,165,106
2021.6.18,9733591,7741,141816,1951,150238,123790,9470370,2160,65,18.7,30.5,155,106
2021.6.19,9733591,7741,142385,1951,150720,123790,9470370,2225,38,18.7,30.5,147,62
2021.6.20,9733591,7741,142899,1951,151149,123790,9470370,2263,38,18.7,30.5,131,62
2021.6.21,9733591,7741,143268,1951,151506,123790,9470370,2301,38,18.7,30.5,109,62
2021.6.22,9733591,7741,143817,1951,151900,123790,9470370,2339,39,18.7,30.5,120,64
2021.6.23,9733591,7741,144379,1951,152545,123790,9470370,2378,38,18.7,30.5,197,62
2021.6.24,9733591,7741,144788,1951,153155,123790,9470370,2416,38,11.5,39,238,129
2021.6.25,9733591,7741,145389,1951,153789,123790,9470370,2454,38,11.5,39,247,129
2021.6.26,9733591,7741,145989,1951,154457,123790,9470370,2492,46,11.5,39,261,156
2021.6.27,9733591,7741,146340,1951,155071,123790,9470370,2538,47,11.5,39,239,159
2021.6.28,9733591,7741,146675,1951,155572,123790,9470370,2585,46,11.5,39,195,156
2021.6.29,9733591,7741,147077,1951,156167,123790,9470370,2631,47,11.5,39,232,159
2021.6.30,9733591,7741,147693,1951,156961,123790,9470370,2678,46,11.5,39,310,156
2021.7.1,9733591,7741,148024,1951,157723,123790,9470370,2724,47,15.4,36.9,281,113
2021.7.2,9733591,7741,148319,1951,158549,123790,9470370,2771,46,15.4,36.9,305,110
2021.7.3,9733591,7741,149132,1951,159342,123790,9470370,2817,77,15.4,36.9,293,185
2021.7.4,9733591,7741,149614,1951,160084,123790,9470370,2894,76,15.4,36.9,274,182
2021.7.5,9733591,7741,150044,1951,160795,123790,9470370,2970,77,15.4,36.9,262,185
2021.7.6,9733591,7741,150760,1951,161541,123790,9470370,3047,76,15.4,36.9,275,182
2021.7.7,9733591,7741,151500,1951,162753,123790,9470370,3123,77,15.4,36.9,447,185
2021.7.8,9733591,7741,151923,1951,164028,123790,9470370,3200,76,15.4,36.9,470,182
2021.7.9,9733591,7741,152498,1951,165344,123790,9470370,3276,77,23.3,47.1,620,156
2021.7.10,9733591,7741,153153,1951,166722,123790,9470370,3353,179,23.3,47.1,649,362
2021.7.11,9733591,7741,153760,1951,168046,123790,9470370,3532,179,23.3,47.1,624,362
2021.7.12,9733591,7741,154187,1951,169146,123790,9470370,3711,179,23.3,47.1,518,362
2021.7.13,9733591,7741,154752,1951,170296,123790,9470370,3890,178,23.3,47.1,542,360
2021.7.14,9733591,7741,155491,1951,171911,123790,9470370,4068,179,23.3,47.1,761,362
2021.7.15,9733591,7741,156509,1951,173511,123790,9470370,4247,179,23.3,47.1,754,362
2021.7.16,9733591,7741,157113,1951,175046,123790,9470370,4426,179,22.5,54.8,841,436
2021.7.17,9733591,7741,157960,1951,176500,123790,9470370,4605,179,22.5,54.8,797,436
2021.7.18,9733591,7741,158953,1951,177951,123790,9470370,4784,179,22.5,54.8,795,436
2021.7.19,9733591,7741,159630,1951,179203,123790,9470370,4963,179,22.5,54.8,686,436
2021.7.20,9733591,7741,160347,1951,180481,123790,9470370,5142,219,22.5,54.8,700,533
2021.7.21,9733591,7741,161634,1951,182265,123790,9470370,5361,377,22.5,54.8,978,918
2021.7.22,9733591,7741,163073,1951,184103,123790,9470370,5738,377,22.5,54.8,1007,918
2021.7.23,9733591,7741,164206,1951,185733,123790,9470370,6115,377,26.2,67.6,1102,973
2021.7.24,9733591,7741,165246,1951,187362,123790,9470370,6492,377,26.2,67.6,1101,973
2021.7.25,9733591,7741,166375,1951,188848,123790,9470370,6869,377,26.2,67.6,1005,973
2021.7.26,9733591,7741,167365,1951,190166,123790,9470370,7246,377,26.2,67.6,891,973
2021.7.27,9733591,7741,168629,1951,191531,123790,9470370,7623,377,26.2,67.6,923,973
2021.7.28,9733591,7741,170494,1951,193427,123790,9470370,8000,377,26.2,67.6,1282,973
2021.7.29,9733591,7741,171559,1951,195099,123790,9470370,8377,377,26.2,67.6,1130,973
2021.7.30,9733591,7741,172757,1951,196806,123790,9470370,8754,377,31.1,75.6,1290,916
2021.7.31,9733591,7741,174178,1951,198335,123790,9470370,9131,377,31.1,75.6,1156,916
2021.8.1,9733591,7741,175673,1951,199777,123790,9470370,9508,377,31.1,75.6,1090,916
2021.8.2,9733591,7741,176600,1951,200995,123790,9470370,9885,377,31.1,75.6,921,916
2021.8.3,9733591,7741,177910,1951,202195,123790,9470370,10262,377,31.1,75.6,907,916
2021.8.4,9733591,7741,179126,1951,203920,123790,9470370,10639,376,31.1,75.6,1304,914
2021.8.5,9733591,7741,180721,1951,205695,123790,9470370,11015,377,31.1,75.6,1342,916
2021.8.6,9733591,7741,182054,1951,207399,123790,9470370,11392,377,31.1,75.6,1288,916
2021.8.7,9733591,7741,183788,1951,209222,123790,9470370,11769,377,31.1,75.6,1378,916
2021.8.8,9733591,7741,185003,1951,210950,123790,9470370,12146,377,26.8,86.9,1502,1222
2021.8.9,9733591,7741,186243,1951,212441,123790,9470370,12523,377,26.8,86.9,1296,1222
2021.8.10,9733591,7741,187524,1951,213978,123790,9470370,12900,377,26.8,86.9,1336,1222
2021.8.11,9733591,7741,189506,1951,216199,123790,9470370,13277,377,26.8,86.9,1930,1222
2021.8.12,9733591,7741,190536,1951,218186,123790,9470370,13654,377,26.8,86.9,1727,1222
2021.8.13,9733591,7741,192248,1951,220175,123790,9470370,14031,377,26.8,86.9,1728,1222
2021.8.14,9733591,7741,193778,1951,222103,123790,9470370,14408,377,26.8,86.9,1675,1222
2021.8.15,9733591,7741,195103,1951,223919,123790,9470370,14785,377,26.8,86.9,1578,1222
2021.8.16,9733591,7741,196198,1951,225473,123790,9470370,15162,377,26.2,90.4,1405,1301
2021.8.17,9733591,7741,197224,1951,226845,123790,9470370,15539,377,26.2,90.4,1240,1301
2021.8.18,9733591,7741,199582,1951,228648,123790,9470370,15916,377,26.2,90.4,1630,1301
2021.8.19,9733591,7741,201235,1951,230800,123790,9470370,16293,377,26.2,90.4,1945,1301
2021.8.20,9733591,7741,202775,1951,232850,123790,9470370,16670,377,26.2,90.4,1853,1301
2021.8.21,9733591,7741,204518,1951,234727,123790,9470370,17047,377,26.2,90.4,1697,1301
2021.8.22,9733591,7741,206276,1951,236353,123790,9470370,17424,377,26.2,90.4,1470,1301
2021.8.23,9733591,7741,207601,1951,237770,123790,9470370,17801,377,26.2,90.4,1281,1301
2021.8.24,9733591,7741,209193,1951,239277,123790,9470370,18178,377,27.1,94.8,1429,1319
2021.8.25,9733591,7741,211177,1951,241431,123790,9470370,18555,377,27.1,94.8,2042,1319
2021.8.26,9733591,7741,212871,1951,243312,123790,9470370,18932,377,27.1,94.8,1783,1319
2021.8.27,9733591,7741,214673,1951,245149,123790,9470370,19309,377,27.1,94.8,1741,1319
2021.8.28,9733591,7741,216989,1951,246942,123790,9470370,19686,377,27.1,94.8,1700,1319
2021.8.29,9733591,7741,218726,1951,248557,123790,9470370,20063,377,27.1,94.8,1531,1319
2021.8.30,9733591,7741,220358,1951,250044,123790,9470370,20440,377,27.1,94.8,1410,1319
2021.8.31,9733591,7741,221701,1951,251414,123790,9470370,20817,377,27.1,94.8,1299,1319
2021.9.1,9733591,7741,224319,1951,253438,123790,9470370,21194,376,24.4,97.3,1969,1499
2021.9.2,9733591,7741,226222,1951,255398,123790,9470370,21570,377,24.4,97.3,1907,1503
2021.9.3,9733591,7741,228618,1951,257106,123790,9470370,21947,377,24.4,97.3,1662,1503
2021.9.4,9733591,7741,230405,1951,258909,123790,9470370,22324,377,24.4,97.3,1754,1503
2021.9.5,9733591,7741,232334,1951,260399,123790,9470370,22701,377,24.4,97.3,1450,1503
2021.9.6,9733591,7741,233695,1951,261774,123790,9470370,23078,377,24.4,97.3,1338,1503
2021.9.7,9733591,7741,235225,1951,263371,123790,9470370,23455,377,24.4,97.3,1554,1503
2021.9.8,9733591,7741,237286,1951,265419,123790,9470370,23832,377,27.8,98.8,2023,1340
2021.9.9,9733591,7741,238920,1951,267468,123790,9470370,24209,377,27.8,98.8,2024,1340
2021.9.10,9733591,7741,240733,1951,269360,123790,9470370,24586,377,27.8,98.8,1869,1340
2021.9.11,9733591,7741,242960,1951,271224,123790,9470370,24963,377,27.8,98.8,1842,1340
2021.9.12,9733591,7741,244459,1951,272979,123790,9470370,25340,377,27.8,98.8,1734,1340
2021.9.13,9733591,7741,245505,1951,274412,123790,9470370,25717,377,27.8,98.8,1416,1340
2021.9.14,9733591,7741,247647,1951,275909,123790,9470370,26094,377,27.8,98.8,1479,1340
2021.9.15,9733591,7741,249833,1951,277988,123790,9470370,26471,377,24.8,98.2,2058,1493
2021.9.16,9733591,7741,252038,1951,279930,123790,9470370,26848,377,24.8,98.2,1923,1493
2021.9.17,9733591,7741,254094,1951,281938,123790,9470370,27225,377,24.8,98.2,1988,1493
2021.9.18,9733591,7741,256029,1951,284022,123790,9470370,27602,377,24.8,98.2,2063,1493
2021.9.19,9733591,7741,257449,1951,285930,123790,9470370,27979,377,24.8,98.2,1889,1493
2021.9.20,9733591,7741,259011,1951,287534,123790,9470370,28356,377,24.8,98.2,1588,1493
2021.9.21,9733591,7741,260090,1951,289263,123790,9470370,28733,377,24.8,98.2,1712,1493
2021.9.22,9733591,7741,261812,1951,290983,123790,9470370,29110,377,23.4,99.5,1711,1603
2021.9.23,9733591,7741,262842,1951,292699,123790,9470370,29487,377,23.4,99.5,1707,1603
2021.9.24,9733591,7741,264492,1951,295132,123790,9470370,29864,458,23.4,99.5,2421,1947
2021.9.25,9733591,7741,266411,1951,298397,123790,9470370,30322,458,23.4,99.5,3249,1947
2021.9.26,9733591,7741,268140,1951,301165,123790,9470370,30780,458,23.4,99.5,2754,1947
2021.9.27,9733591,7741,269132,1951,303546,123790,9470370,31238,458,23.4,99.5,2369,1947
2021.9.28,9733591,7741,270928,1951,305834,123790,9470370,31696,458,23.4,99.5,2277,1947
2021.9.29,9733591,7741,272724,1951,308715,123790,9470370,32154,457,23.4,99.5,2867,1943
2021.9.30,9733591,7741,274205,1951,311276,123790,9470370,32611,458,16.8,99.5,2548,2713
2021.10.1,9733591,7741,275576,1951,313760,123790,9470370,33069,458,16.8,99.5,2472,2713
2021.10.2,9733591,7741,277092,1951,316007,123790,9470370,33527,458,16.8,99.5,2236,2713
2021.10.3,9733591,7741,278847,1951,318092,123790,9470370,33985,458,16.8,99.5,2075,2713
2021.10.4,9733591,7741,282669,1951,319762,123790,9470370,34443,458,16.8,99.5,1662,2713
2021.10.5,9733591,7741,284197,1951,321336,123790,9470370,34901,458,16.8,99.5,1566,2713
2021.10.6,9733591,7741,287040,1951,323363,123790,9470370,35359,458,16.8,99.5,2017,2713
2021.10.7,9733591,7741,288822,1951,325788,123790,9470370,35817,458,16.8,99.5,2413,2713
2021.10.8,9733591,7741,292091,1951,327959,123790,9470370,36275,458,22.8,99.8,2167,2005
2021.10.9,9733591,7741,294929,1951,329912,123790,9470370,36733,457,22.8,99.8,1949,2000
2021.10.10,9733591,7741,296708,1951,331506,123790,9470370,37190,458,22.8,99.8,1591,2005
2021.10.11,9733591,7741,298022,1951,332803,123790,9470370,37648,458,22.8,99.8,1294,2005
2021.10.12,9733591,7741,299260,1951,334149,123790,9470370,38106,458,22.8,99.8,1343,2005
2021.10.13,9733591,7741,302066,1951,335732,123790,9470370,38564,458,22.8,99.8,1580,2005
2021.10.14,9733591,7741,303719,1951,337671,123790,9470370,39022,458,22.8,99.8,1935,2005
2021.10.15,9733591,7741,305851,1951,339354,123790,9470370,39480,458,22.8,99.8,1680,2005
2021.10.16,9733591,7741,308187,1951,340971,123790,9470370,39938,458,27.6,99.9,1615,1658
2021.10.17,9733591,7741,310344,1951,342391,123790,9470370,40396,458,27.6,99.9,1419,1658
2021.10.18,9733591,7741,311781,1951,343441,123790,9470370,40854,458,27.6,99.9,1049,1658
2021.10.19,9733591,7741,313432,1951,344514,123790,9470370,41312,457,33.4,99.9,1072,1367
2021.10.20,9733591,7741,316607,1951,346085,123790,9470370,41769,458,33.4,99.9,1569,1370
2021.10.21,9733591,7741,317755,1951,347526,123790,9470370,42227,458,33.4,99.9,1440,1370
2021.10.22,9733591,7741,320317,1951,348964,123790,9470370,42685,458,33.4,99.9,1437,1370
2021.10.23,9733591,7741,322536,1951,350472,123790,9470370,43143,458,33.4,99.9,1506,1370
2021.10.24,9733591,7741,323393,1951,351893,123790,9470370,43601,458,27.9,99.9,1420,1640
2021.10.25,9733591,7741,324448,1951,353083,123790,9470370,44059,458,27.9,99.9,1189,1640
2021.10.26,9733591,7741,327592,1951,354355,123790,9470370,44517,458,27.9,99.9,1271,1640
2021.10.27,9733591,7741,329658,1951,356300,123790,9470370,44975,458,27.9,99.9,1943,1640
2021.10.28,9733591,7741,330853,1951,358411,123790,9470370,45433,458,27.9,99.9,2109,1640
2021.10.29,9733591,7741,332995,1951,360532,123790,9470370,45891,457,27.9,99.9,2119,1636
2021.10.30,9733591,7741,334581,1951,362636,123790,9470370,46348,458,27.9,99.9,2102,1640
2021.10.31,9733591,7741,336548,1951,364697,123790,9470370,46806,458,27.9,99.9,2059,1640
2021.11.1,9733591,7741,337353,1951,366382,123790,9470370,47264,458,16.7,99.9,1683,2740
2021.11.2,9733591,7741,338947,1951,367970,123790,9470370,47722,458,16.7,99.9,1586,2740
2021.11.3,9733591,7741,340470,1951,370637,123790,9470370,48180,458,16.7,99.9,2664,2740
2021.11.4,9733591,7741,341887,1951,373119,123790,9470370,48638,458,16.7,99.9,2480,2740
2021.11.5,9733591,7741,343236,1951,375462,123790,9470370,49096,458,16.7,99.9,2341,2740
2021.11.6,9733591,7741,345564,1951,377708,123790,9470370,49554,458,16.7,99.9,2244,2740
2021.11.7,9733591,7741,346800,1951,379933,123790,9470370,50012,458,16.7,99.9,2223,2740
2021.11.8,9733591,7741,347796,1951,381687,123790,9470370,50470,457,19.3,99.9,1752,2366
2021.11.9,9733591,7741,350657,1951,383404,123790,9470370,50927,458,19.3,99.9,1715,2371
2021.11.10,9733591,7741,352940,1951,385829,123790,9470370,51385,458,19.3,99.9,2423,2371
2021.11.11,9733591,7741,355014,1951,388347,123790,9470370,51843,458,19.3,99.9,2515,2371
2021.11.12,9733591,7741,356615,1951,390715,123790,9470370,52301,458,19.3,100,2368,2373
2021.11.13,9733591,7741,359553,1951,393039,123790,9470370,52759,458,19.3,100,2324,2373
2021.11.14,9733591,7741,360891,1951,395457,123790,9470370,53217,458,19.3,100,2418,2373
2021.11.15,9733591,7741,362834,1951,397461,123790,9470370,53675,458,19.3,100,2004,2373
2021.11.16,9733591,7741,364499,1951,399583,123790,9470370,54133,458,12.8,100,2122,3578
2021.11.17,9733591,7741,366089,1951,402772,123790,9470370,54591,458,12.8,100,3189,3578
2021.11.18,9733591,7741,367578,1951,406064,123790,9470370,55049,457,12.8,100,3292,3570
2021.11.19,9733591,7741,368723,1951,409098,123790,9470370,55506,458,12.8,100,3034,3578
2021.11.20,9733591,7741,374383,1951,412304,123790,9470370,55964,458,12.8,100,3206,3578
2021.11.21,9733591,7741,375755,1951,415424,123790,9470370,56422,458,12.8,100,3120,3578
2021.11.22,9733591,7741,376706,1951,418251,123790,9470370,56880,458,12.8,100,2827,3578
2021.11.23,9733591,7741,378561,1951,420950,123790,9470370,57338,458,12.8,100,2699,3578
2021.11.24,9733591,7741,378561,1951,425059,123790,9470370,57338,458,12.8,100,4109,3578
2021.11.25,9733591,7741,378561,1951,428996,123790,9470370,57338,458,12.8,100,3937,3578
2021.11.26,9733591,7741,378561,1951,432892,123790,9470370,57338,458,12.8,100,3896,3578
2021.11.27,9733591,7741,378561,1951,436959,123790,9470370,57338,458,12.8,100,4067,3578
2021.11.28,9733591,7741,378561,1951,440884,123790,9470370,57338,458,12.8,100,3925,3578
2021.11.29,9733591,7741,378561,1951,444191,123790,9470370,57338,458,12.8,100,3307,3578
2021.11.30,9733591,7741,378561,1951,447222,123790,9470370,57338,458,12.8,100,3031,3578
2021.12.1,9733591,7741,378561,1951,452344,123790,9470370,57338,458,12.8,100,5122,3578
2021.12.2,9733591,7741,378561,1951,457607,123790,9470370,57338,458,12.8,100,5263,3578
2021.12.3,9733591,7741,378561,1951,462551,123790,9470370,57338,458,12.8,100,4944,3578
2021.12.4,9733591,7741,378561,1951,467903,123790,9470370,57338,458,12.8,100,5352,3578
2021.12.5,9733591,7741,378561,1951,473028,123790,9470370,57338,458,12.8,100,5125,3578
2021.12.6,9733591,7741,378561,1951,477352,123790,9470370,57338,458,12.8,100,4324,3578
2021.12.7,9733591,7741,378561,1951,482305,123790,9470370,57338,458,12.8,100,4953,3578
2021.12.8,9733591,7741,378561,1951,489478,123790,9470370,57338,458,12.8,100,7173,3578
2021.12.9,9733591,7741,378561,1951,496853,123790,9470370,57338,458,12.8,100,7375,3578
2021.12.10,9733591,7741,378561,1951,503601,123790,9470370,57338,458,12.8,100,6748,3578
2021.12.11,9733591,7741,378561,1951,510430,123790,9470370,57338,458,12.8,100,6829,3578
2021.12.12,9733591,7741,378561,1951,517259,123790,9470370,57338,458,12.8,100,6829,3578
2021.12.13,9733591,7741,378561,1951,523076,123790,9470370,57338,458,12.8,100,5817,3578
2021.12.14,9733591,7741,378561,1951,528643,123790,9470370,57338,458,12.8,100,5567,3578
2021.12.15,9733591,7741,378561,1951,536493,123790,9470370,57338,458,12.8,100,7850,3578
2021.12.16,9733591,7741,378561,1951,544114,123790,9470370,57338,458,12.8,100,7621,3578
2021.12.17,9733591,7741,378561,1951,551548,123790,9470370,57338,458,12.8,100,7434,3578
2021.12.18,9733591,7741,378561,1951,558860,123790,9470370,57338,458,12.8,100,7312,3578
2021.12.19,9733591,7741,378561,1951,565095,123790,9470370,57338,458,12.8,100,6235,3578
2021.12.20,9733591,7741,378561,1951,570413,123790,9470370,57338,458,12.8,100,5318,3578
2021.12.21,9733591,7741,378561,1951,575615,123790,9470370,57338,458,12.8,100,5202,3578
2021.12.22,9733591,7741,378561,1951,583047,123790,9470370,57338,458,12.8,100,7432,3578
2021.12.23,9733591,7741,378561,1951,589961,123790,9470370,57338,458,12.8,100,6914,3578
2021.12.24,9733591,7741,378561,1951,596194,123790,9470370,57338,458,12.8,100,6233,3578
2021.12.25,9733591,7741,378561,1951,602034,123790,9470370,57338,458,12.8,100,5840,3578
2021.12.26,9733591,7741,378561,1951,607447,123790,9470370,57338,458,12.8,100,5413,3578
2021.12.27,9733591,7741,378561,1951,611650,123790,9470370,57338,458,12.8,100,4203,3578
2021.12.28,9733591,7741,378561,1951,615514,123790,9470370,57338,458,12.8,100,3864,3578
2021.12.29,9733591,7741,378561,1951,620921,123790,9470370,57338,458,12.8,100,5407,3578
2021.12.30,9733591,7741,378561,1951,625955,123790,9470370,57338,458,12.8,100,5034,3578
2021.12.31,9733591,7741,378561,1951,630829,123790,9470370,57338,458,12.8,100,4874,3578