,accumulatedFirstCnt,accumulatedSecondCnt,baseDate,firstCnt,secondCnt,thirdCnt,totalFirstCnt,totalSecondCnt,totalThirdCnt
0,547974,0,2021.3.13 0:00,35684,0,0,583658,0,0
1,584397,0,2021.3.14 0:00,3487,0,0,587884,0,0
2,587884,0,2021.3.15 0:00,1074,0,0,588958,0,0
3,590228,0,2021.3.16 0:00,11922,0,0,602150,0,0
4,603451,0,2021.3.17 0:00,18283,0,0,621734,0,0
5,622598,0,2021.3.18 0:00,18733,0,0,641331,0,0
6,641974,0,2021.3.19 0:00,17501,0,0,659475,0,0
7,660294,0,2021.3.20 0:00,15132,0,0,675426,0,0
8,675648,0,2021.3.21 0:00,939,313,0,676587,313,0
9,676606,313,2021.3.22 0:00,1,280,0,676607,593,0
10,677856,593,2021.3.23 0:00,2704,290,0,680560,883,0
11,683461,883,2021.3.24 0:00,20151,615,0,703612,1498,0
12,704902,1498,2021.3.25 0:00,28222,1193,0,733124,2691,0
13,734985,2691,2021.3.26 0:00,32466,1142,0,767451,3833,0
14,769429,3833,2021.3.27 0:00,22845,1399,0,792274,5232,0
15,792802,5232,2021.3.28 0:00,1056,0,0,793858,5232,0
16,793955,5232,2021.3.29 0:00,11,0,0,793966,5232,0
17,795910,5232,2021.3.30 0:00,26538,919,0,822448,6151,0
18,823795,6151,2021.3.31 0:00,28407,2034,0,852202,8185,0
19,853930,8187,2021.4.1 0:00,22643,4786,0,876573,12973,0
20,877944,12974,2021.4.2 0:00,36125,6881,0,914069,19855,0
21,915498,20203,2021.4.3 0:00,38058,6177,0,953556,26380,0
22,953854,26761,2021.4.4 0:00,8229,537,0,962083,27298,0
23,962101,27298,2021.4.5 0:00,629,66,0,962730,27364,0
24,963900,27375,2021.4.6 0:00,35970,316,0,999870,27691,0
25,1.00E+06,27692,2021.4.7 0:00,37533,5722,0,1.04E+06,33414,0
26,1.04E+06,33416,2021.4.8 0:00,35860,9231,0,1.08E+06,42647,0
27,1.08E+06,42646,2021.4.9 0:00,36599,9490,0,1.11E+06,52136,0
28,1.11E+06,52144,2021.4.10 0:00,33404,7278,0,1.15E+06,59422,0
29,1.15E+06,59422,2021.4.11 0:00,8710,1088,0,1.16E+06,60510,0
30,1.16E+06,60511,2021.4.12 0:00,305,0,0,1.16E+06,60511,0
31,1.16E+06,60532,2021.4.13 0:00,37785,25,0,1.20E+06,60557,0
32,1.20E+06,60564,2021.4.14 0:00,43390,3,0,1.24E+06,60567,0
33,1.24E+06,60567,2021.4.15 0:00,45520,2,0,1.29E+06,60569,0
34,1.29E+06,60569,2021.4.16 0:00,92660,2,0,1.38E+06,60571,0
35,1.38E+06,60571,2021.4.17 0:00,102390,6,0,1.48E+06,60577,0
36,1.48E+06,60585,2021.4.18 0:00,29165,0,0,1.51E+06,60585,0
37,1.51E+06,60585,2021.4.19 0:00,4859,0,0,1.52E+06,60585,0
38,1.52E+06,60585,2021.4.20 0:00,121234,1,0,1.64E+06,60586,0
39,1.64E+06,60586,2021.4.21 0:00,130228,11,0,1.77E+06,60597,0
40,1.77E+06,60597,2021.4.22 0:00,131228,25,0,1.90E+06,60622,0
41,1.90E+06,60623,2021.4.23 0:00,130615,18528,0,2.04E+06,79151,0
42,2.04E+06,79154,2021.4.24 0:00,158581,19613,0,2.20E+06,98767,0
43,2.20E+06,98769,2021.4.25 0:00,64344,5769,0,2.26E+06,104538,0
44,2.26E+06,104538,2021.4.26 0:00,6140,367,0,2.27E+06,104905,0
45,2.27E+06,104905,2021.4.27 0:00,141937,21598,0,2.41E+06,126503,0
46,2.41E+06,126506,2021.4.28 0:00,175794,21776,0,2.59E+06,148282,0
47,2.59E+06,148286,2021.4.29 0:00,220729,20435,0,2.81E+06,168721,0
48,2.81E+06,168724,2021.4.30 0:00,241967,30010,0,3.06E+06,198734,0
49,3.07E+06,198744,2021.5.1 0:00,259018,29655,0,3.33E+06,228399,0
50,3.36E+06,228476,2021.5.2 0:00,39169,7712,0,3.40E+06,236188,0
51,3.40E+06,236188,2021.5.3 0:00,1561,301,0,3.40E+06,236489,0
52,3.40E+06,236494,2021.5.4 0:00,66920,30538,0,3.47E+06,267032,0
53,3.47E+06,267033,2021.5.5 0:00,62507,31159,0,3.53E+06,298192,0
54,3.56E+06,298195,2021.5.6 0:00,5253,25310,0,3.56E+06,323505,0
55,3.57E+06,323699,2021.5.7 0:00,41965,73491,0,3.61E+06,397190,0
56,3.62E+06,397204,2021.5.8 0:00,38982,76790,0,3.66E+06,473994,0
57,3.66E+06,473993,2021.5.9 0:00,11931,27546,0,3.67E+06,501539,0
58,3.67E+06,501540,2021.5.10 0:00,3,4734,0,3.67E+06,506274,0
59,3.68E+06,506462,2021.5.11 0:00,8341,77551,0,3.69E+06,584013,0
60,3.69E+06,584025,2021.5.12 0:00,6029,80788,0,3.70E+06,664813,0
61,3.71E+06,664817,2021.5.13 0:00,4408,82890,0,3.71E+06,747707,0
62,3.71E+06,747713,2021.5.14 0:00,7139,77987,0,3.72E+06,825700,0
63,3.72E+06,825715,2021.5.15 0:00,9548,79705,0,3.73E+06,905420,0
64,3.73E+06,905528,2021.5.16 0:00,1269,29829,0,3.73E+06,935357,0
65,3.73E+06,935359,2021.5.17 0:00,5,4986,0,3.73E+06,940345,0
66,3.73E+06,940694,2021.5.18 0:00,12006,98948,0,3.75E+06,1.04E+06,0
67,3.75E+06,1.04E+06,2021.5.19 0:00,11822,139678,0,3.76E+06,1.18E+06,0
68,3.76E+06,1.18E+06,2021.5.20 0:00,1783,92694,0,3.76E+06,1.27E+06,0
69,3.76E+06,1.28E+06,2021.5.21 0:00,11183,207795,0,3.77E+06,1.48E+06,0
70,3.77E+06,1.49E+06,2021.5.22 0:00,13764,221916,0,3.79E+06,1.71E+06,0
71,3.79E+06,1.71E+06,2021.5.23 0:00,4933,34583,0,3.79E+06,1.74E+06,0
72,3.79E+06,1.74E+06,2021.5.24 0:00,217,2709,0,3.79E+06,1.75E+06,0
73,3.79E+06,1.75E+06,2021.5.25 0:00,71292,101877,0,3.86E+06,1.85E+06,0
74,3.87E+06,1.85E+06,2021.5.26 0:00,77472,91598,0,3.94E+06,1.95E+06,0
75,3.94E+06,1.95E+06,2021.5.27 0:00,87165,65936,0,4.03E+06,2.01E+06,0
76,4.03E+06,2.01E+06,2021.5.28 0:00,657192,54002,0,4.69E+06,2.07E+06,0
77,4.69E+06,2.07E+06,2021.5.29 0:00,542227,63876,0,5.23E+06,2.13E+06,0
78,5.24E+06,2.13E+06,2021.5.30 0:00,163457,8532,0,5.40E+06,2.14E+06,0
79,5.40E+06,2.14E+06,2021.5.31 0:00,4710,87,0,5.40E+06,2.14E+06,0
80,5.41E+06,2.14E+06,2021.6.1 0:00,385535,27064,0,5.79E+06,2.17E+06,0
81,5.79E+06,2.17E+06,2021.6.2 0:00,565377,25945,0,6.36E+06,2.20E+06,0
82,6.36E+06,2.20E+06,2021.6.3 0:00,381551,22229,0,6.74E+06,2.22E+06,0
83,6.74E+06,2.22E+06,2021.6.4 0:00,342576,25504,0,7.09E+06,2.25E+06,0
84,7.09E+06,2.25E+06,2021.6.5 0:00,367761,29584,0,7.46E+06,2.28E+06,0
85,7.46E+06,2.28E+06,2021.6.6 0:00,138649,2351,0,7.60E+06,2.28E+06,0
86,7.60E+06,2.28E+06,2021.6.7 0:00,2958,0,0,7.60E+06,2.28E+06,0
87,7.60E+06,2.28E+06,2021.6.8 0:00,855642,19856,0,8.46E+06,2.30E+06,0
88,8.49E+06,2.30E+06,2021.6.9 0:00,714384,24750,0,9.20E+06,2.33E+06,0
89,9.23E+06,2.33E+06,2021.6.10 0:00,562087,23528,0,9.79E+06,2.35E+06,0
90,9.83E+06,2.35E+06,2021.6.11 0:00,733067,285448,0,1.06E+07,2.64E+06,0
91,1.06E+07,2.64E+06,2021.6.12 0:00,792835,235748,0,1.14E+07,2.87E+06,0
92,1.14E+07,2.87E+06,2021.6.13 0:00,386223,117602,0,1.18E+07,2.99E+06,0
93,1.18E+07,2.99E+06,2021.6.14 0:00,27481,11774,0,1.18E+07,3.00E+06,0
94,1.18E+07,3.01E+06,2021.6.15 0:00,731735,256443,0,1.26E+07,3.26E+06,0
95,1.26E+07,3.27E+06,2021.6.16 0:00,617181,207339,0,1.32E+07,3.47E+06,0
96,1.33E+07,3.47E+06,2021.6.17 0:00,540248,280928,0,1.38E+07,3.76E+06,0
97,1.38E+07,3.76E+06,2021.6.18 0:00,412987,127643,0,1.42E+07,3.88E+06,0
98,1.43E+07,3.89E+06,2021.6.19 0:00,507319,126036,0,1.48E+07,4.01E+06,0
99,1.48E+07,4.01E+06,2021.6.20 0:00,211990,33522,0,1.50E+07,4.05E+06,0
100,1.50E+07,4.05E+06,2021.6.21 0:00,505,1038,0,1.50E+07,4.05E+06,0
101,1.50E+07,4.05E+06,2021.6.22 0:00,20231,116453,0,1.50E+07,4.17E+06,0
102,1.51E+07,4.17E+06,2021.6.23 0:00,30346,123415,0,1.51E+07,4.29E+06,0
103,1.51E+07,4.29E+06,2021.6.24 0:00,28485,119117,0,1.52E+07,4.41E+06,0
104,1.52E+07,4.41E+06,2021.6.25 0:00,31320,106798,0,1.52E+07,4.52E+06,0
105,1.52E+07,4.52E+06,2021.6.26 0:00,46333,96129,0,1.53E+07,4.62E+06,0
106,1.53E+07,4.62E+06,2021.6.27 0:00,11159,22784,0,1.53E+07,4.64E+06,0
107,1.53E+07,4.64E+06,2021.6.28 0:00,6,740,0,1.53E+07,4.64E+06,0
108,1.53E+07,4.65E+06,2021.6.29 0:00,12703,112722,0,1.53E+07,4.76E+06,0
109,1.53E+07,4.79E+06,2021.6.30 0:00,16084,116230,0,1.53E+07,4.91E+06,0
110,1.53E+07,4.93E+06,2021.7.1 0:00,14233,107695,0,1.53E+07,5.04E+06,0
111,1.53E+07,5.07E+06,2021.7.2 0:00,4043,86635,0,1.53E+07,5.16E+06,0
112,1.53E+07,5.19E+06,2021.7.3 0:00,3930,83700,0,1.53E+07,5.27E+06,0
113,1.53E+07,5.30E+06,2021.7.4 0:00,1150,16659,0,1.53E+07,5.32E+06,0
114,1.53E+07,5.32E+06,2021.7.5 0:00,0,625,0,1.53E+07,5.32E+06,0
115,1.53E+07,5.33E+06,2021.7.6 0:00,53758,42046,0,1.54E+07,5.37E+06,0
116,1.54E+07,5.40E+06,2021.7.7 0:00,37666,62770,0,1.54E+07,5.46E+06,0
117,1.54E+07,5.49E+06,2021.7.8 0:00,35064,61306,0,1.55E+07,5.55E+06,0
118,1.55E+07,5.58E+06,2021.7.9 0:00,37215,74992,0,1.55E+07,5.65E+06,0
119,1.55E+07,5.68E+06,2021.7.10 0:00,57846,117487,0,1.56E+07,5.80E+06,0
120,1.56E+07,5.83E+06,2021.7.11 0:00,12758,39095,0,1.56E+07,5.87E+06,0
121,1.56E+07,5.87E+06,2021.7.12 0:00,470,1103,0,1.56E+07,5.87E+06,0
122,1.56E+07,5.97E+06,2021.7.14 0:00,105958,89167,0,1.57E+07,6.06E+06,0
123,1.57E+07,6.08E+06,2021.7.15 0:00,93550,102000,0,1.58E+07,6.18E+06,0
124,1.58E+07,6.20E+06,2021.7.16 0:00,103848,122041,0,1.59E+07,6.33E+06,0
125,1.59E+07,6.35E+06,2021.7.17 0:00,116932,158333,0,1.60E+07,6.51E+06,0
126,1.60E+07,6.53E+06,2021.7.18 0:00,23106,36553,0,1.61E+07,6.56E+06,0
127,1.61E+07,6.57E+06,2021.7.19 0:00,228,446,0,1.61E+07,6.57E+06,0
128,1.61E+07,6.57E+06,2021.7.20 0:00,158538,46093,0,1.63E+07,6.61E+06,0
129,1.56E+07,5.87E+06,2021.7.13 0:00,31182,65958,0,1.56E+07,5.94E+06,0
130,1.63E+07,6.64E+06,2021.7.21 0:00,149984,45095,0,1.64E+07,6.68E+06,0
131,1.64E+07,6.70E+06,2021.7.22 0:00,139214,23593,0,1.66E+07,6.72E+06,0
132,1.66E+07,6.74E+06,2021.7.23 0:00,140190,41104,0,1.67E+07,6.78E+06,0
133,1.67E+07,6.80E+06,2021.7.24 0:00,140562,49716,0,1.69E+07,6.85E+06,0
134,1.69E+07,6.85E+06,2021.7.25 0:00,27041,10942,0,1.69E+07,6.86E+06,0
135,1.69E+07,6.86E+06,2021.7.26 0:00,1492,57,0,1.69E+07,6.86E+06,0
136,1.69E+07,6.86E+06,2021.7.27 0:00,617251,58218,0,1.75E+07,6.92E+06,0
137,1.75E+07,6.93E+06,2021.7.28 0:00,380756,44580,0,1.79E+07,6.97E+06,0
138,1.79E+07,6.98E+06,2021.7.29 0:00,477853,40086,0,1.84E+07,7.02E+06,0
139,1.84E+07,7.02E+06,2021.7.30 0:00,346234,39069,0,1.87E+07,7.06E+06,0
140,1.87E+07,7.07E+06,2021.7.31 0:00,495353,58566,0,1.92E+07,7.13E+06,0
141,1.92E+07,7.13E+06,2021.8.1 0:00,214283,13340,0,1.94E+07,7.15E+06,0
142,1.94E+07,7.15E+06,2021.8.2 0:00,27892,480,0,1.95E+07,7.15E+06,0
143,1.95E+07,7.15E+06,2021.8.3 0:00,473850,35955,0,1.99E+07,7.18E+06,0
144,2.00E+07,7.18E+06,2021.8.4 0:00,218941,106529,0,2.02E+07,7.29E+06,0
145,2.02E+07,7.29E+06,2021.8.5 0:00,164924,109665,0,2.03E+07,7.40E+06,0
146,2.03E+07,7.40E+06,2021.8.6 0:00,191478,126304,0,2.05E+07,7.53E+06,0
147,2.05E+07,7.53E+06,2021.8.7 0:00,254372,155251,0,2.08E+07,7.68E+06,0
148,2.08E+07,7.68E+06,2021.8.8 0:00,120403,35760,0,2.09E+07,7.72E+06,0
149,2.09E+07,7.72E+06,2021.8.9 0:00,27507,2234,0,2.09E+07,7.72E+06,0
150,2.09E+07,7.72E+06,2021.8.10 0:00,433768,173134,0,2.14E+07,7.89E+06,0
151,2.14E+07,7.89E+06,2021.8.11 0:00,261380,168265,0,2.16E+07,8.06E+06,0
152,2.16E+07,8.06E+06,2021.8.12 0:00,175763,162616,0,2.18E+07,8.23E+06,0
153,2.18E+07,8.23E+06,2021.8.13 0:00,166325,705064,0,2.20E+07,8.93E+06,0
154,2.20E+07,8.93E+06,2021.8.14 0:00,241514,619155,0,2.22E+07,9.55E+06,0
155,2.22E+07,9.55E+06,2021.8.15 0:00,140972,182004,0,2.24E+07,9.74E+06,0
156,2.24E+07,9.74E+06,2021.8.16 0:00,17721,5559,0,2.24E+07,9.74E+06,0
157,2.24E+07,9.74E+06,2021.8.17 0:00,661839,255278,0,2.31E+07,1.00E+07,0
158,2.31E+07,1.00E+07,2021.8.18 0:00,718883,493672,0,2.38E+07,1.05E+07,0
159,2.38E+07,1.05E+07,2021.8.19 0:00,518990,318432,0,2.43E+07,1.08E+07,0
160,2.43E+07,1.08E+07,2021.8.20 0:00,501043,292232,0,2.48E+07,1.11E+07,0
161,2.48E+07,1.11E+07,2021.8.21 0:00,685275,331700,0,2.55E+07,1.14E+07,0
162,2.55E+07,1.14E+07,2021.8.22 0:00,359510,122794,0,2.59E+07,1.16E+07,0
163,2.59E+07,1.16E+07,2021.8.23 0:00,39272,2241,0,2.59E+07,1.16E+07,0
164,2.59E+07,1.16E+07,2021.8.24 0:00,381675,714780,0,2.63E+07,1.23E+07,0
165,2.63E+07,1.23E+07,2021.8.25 0:00,397167,598454,0,2.67E+07,1.29E+07,0
166,2.67E+07,1.29E+07,2021.8.26 0:00,370493,472455,0,2.71E+07,1.34E+07,0
167,2.71E+07,1.34E+07,2021.8.27 0:00,646550,420821,0,2.77E+07,1.38E+07,0
168,2.77E+07,1.38E+07,2021.8.28 0:00,598603,549112,0,2.83E+07,1.43E+07,0
169,2.83E+07,1.43E+07,2021.8.29 0:00,273234,254978,0,2.86E+07,1.46E+07,0
170,2.86E+07,1.46E+07,2021.8.30 0:00,16120,15842,0,2.86E+07,1.46E+07,0
171,2.86E+07,1.46E+07,2021.8.31 0:00,388675,598553,0,2.90E+07,1.52E+07,0
172,2.90E+07,1.52E+07,2021.9.1 0:00,246806,529356,0,2.93E+07,1.57E+07,0
173,2.93E+07,1.58E+07,2021.9.2 0:00,177818,533164,0,2.95E+07,1.63E+07,0
174,2.95E+07,1.63E+07,2021.9.3 0:00,185574,498924,0,2.96E+07,1.68E+07,0
175,2.96E+07,1.68E+07,2021.9.4 0:00,232236,698141,0,2.99E+07,1.75E+07,0
176,2.99E+07,1.75E+07,2021.9.5 0:00,118347,260139,0,3.00E+07,1.77E+07,0
177,3.00E+07,1.77E+07,2021.9.6 0:00,8305,7984,0,3.00E+07,1.78E+07,0
178,3.00E+07,1.78E+07,2021.9.7 0:00,741052,632986,0,3.07E+07,1.84E+07,0
179,3.07E+07,1.84E+07,2021.9.8 0:00,573321,420018,0,3.13E+07,1.88E+07,0
180,3.13E+07,1.88E+07,2021.9.9 0:00,384948,306200,0,3.17E+07,1.91E+07,0
181,3.17E+07,1.91E+07,2021.9.10 0:00,438346,290902,0,3.21E+07,1.94E+07,0
182,3.22E+07,1.94E+07,2021.9.11 0:00,650079,415720,0,3.28E+07,1.98E+07,0
183,3.28E+07,1.98E+07,2021.9.12 0:00,326756,211405,0,3.31E+07,2.00E+07,0
184,3.31E+07,2.00E+07,2021.9.13 0:00,21645,25443,0,3.32E+07,2.01E+07,0
185,3.32E+07,2.01E+07,2021.9.14 0:00,825438,422119,0,3.40E+07,2.05E+07,0
186,3.40E+07,2.05E+07,2021.9.15 0:00,599970,223890,0,3.46E+07,2.07E+07,0
187,3.46E+07,2.07E+07,2021.9.16 0:00,374256,438976,0,3.50E+07,2.12E+07,0
188,3.50E+07,2.12E+07,2021.9.17 0:00,428223,312896,0,3.54E+07,2.15E+07,0
189,3.54E+07,2.15E+07,2021.9.18 0:00,658121,442993,0,3.61E+07,2.19E+07,0
190,3.61E+07,2.19E+07,2021.9.19 0:00,389587,189093,0,3.65E+07,2.21E+07,0
191,3.65E+07,2.21E+07,2021.9.20 0:00,20384,24827,0,3.65E+07,2.22E+07,0
192,3.65E+07,2.22E+07,2021.9.21 0:00,21683,9572,0,3.65E+07,2.22E+07,0
193,3.65E+07,2.22E+07,2021.9.22 0:00,6525,4130,0,3.65E+07,2.22E+07,0
194,3.65E+07,2.22E+07,2021.9.23 0:00,27400,15791,0,3.66E+07,2.22E+07,0
195,3.66E+07,2.22E+07,2021.9.24 0:00,560186,375869,0,3.71E+07,2.26E+07,0
196,3.71E+07,2.26E+07,2021.9.25 0:00,614616,413458,0,3.77E+07,2.30E+07,0
197,3.78E+07,2.30E+07,2021.9.26 0:00,312348,214852,0,3.81E+07,2.32E+07,0
198,3.81E+07,2.32E+07,2021.9.27 0:00,26392,23804,0,3.81E+07,2.32E+07,0
199,3.81E+07,2.32E+07,2021.9.28 0:00,416626,711698,0,3.85E+07,2.40E+07,0
200,3.85E+07,2.40E+07,2021.9.29 0:00,256982,689322,0,3.88E+07,2.46E+07,0
201,3.88E+07,2.46E+07,2021.9.30 0:00,231198,526133,0,3.90E+07,2.52E+07,0
202,3.90E+07,2.52E+07,2021.10.1 0:00,343752,541143,0,3.93E+07,2.57E+07,0
203,3.93E+07,2.57E+07,2021.10.2 0:00,236268,859970,0,3.96E+07,2.66E+07,0
204,3.96E+07,2.66E+07,2021.10.3 0:00,124504,406444,0,3.97E+07,2.70E+07,0
205,3.97E+07,2.70E+07,2021.10.4 0:00,3404,33187,0,3.97E+07,2.70E+07,0
206,3.97E+07,2.70E+07,2021.10.5 0:00,25355,209328,0,3.97E+07,2.72E+07,0
207,3.97E+07,2.72E+07,2021.10.6 0:00,44879,765885,0,3.98E+07,2.80E+07,0
208,3.98E+07,2.80E+07,2021.10.7 0:00,36770,510161,0,3.98E+07,2.85E+07,0
209,3.98E+07,2.85E+07,2021.10.8 0:00,36187,710173,0,3.99E+07,2.92E+07,0
210,3.99E+07,2.92E+07,2021.10.9 0:00,43782,1.10E+06,0,3.99E+07,3.03E+07,0
211,3.99E+07,3.03E+07,2021.10.10 0:00,10766,103426,0,3.99E+07,3.04E+07,0
212,3.99E+07,3.04E+07,2021.10.11 0:00,2723,18049,0,3.99E+07,3.04E+07,0
213,3.99E+07,3.04E+07,2021.10.12 0:00,90817,160482,0,4.00E+07,3.06E+07,0
214,4.00E+07,3.06E+07,2021.10.13 0:00,104897,594230,515,4.01E+07,3.12E+07,515
215,4.01E+07,3.12E+07,2021.10.14 0:00,56619,407096,991,4.02E+07,3.16E+07,1507
216,4.02E+07,3.16E+07,2021.10.15 0:00,53758,452660,1369,4.02E+07,3.21E+07,2996
217,4.02E+07,3.21E+07,2021.10.16 0:00,87867,718818,2180,4.03E+07,3.28E+07,5398
218,4.03E+07,3.28E+07,2021.10.17 0:00,63954,353781,90,4.04E+07,3.32E+07,5575
219,4.04E+07,3.32E+07,2021.10.18 0:00,1489,18883,0,4.04E+07,3.32E+07,5575
220,4.04E+07,3.32E+07,2021.10.19 0:00,71635,628733,1393,4.05E+07,3.38E+07,7145
221,4.05E+07,3.38E+07,2021.10.20 0:00,36777,443345,1784,4.05E+07,3.43E+07,9053
222,4.05E+07,3.43E+07,2021.10.21 0:00,68492,321965,3861,4.06E+07,3.46E+07,13001
223,4.06E+07,3.46E+07,2021.10.22 0:00,58594,405795,4981,4.06E+07,3.50E+07,17998
224,4.06E+07,3.50E+07,2021.10.23 0:00,62946,621014,5636,4.07E+07,3.56E+07,24525
225,4.07E+07,3.56E+07,2021.10.24 0:00,51227,332557,492,4.08E+07,3.60E+07,25194
226,4.08E+07,3.60E+07,2021.10.25 0:00,3730,16380,2,4.08E+07,3.60E+07,25196
227,4.08E+07,3.60E+07,2021.10.26 0:00,77434,427919,8795,4.08E+07,3.64E+07,34156
228,4.09E+07,3.64E+07,2021.10.27 0:00,40305,278236,12235,4.09E+07,3.67E+07,46521
229,4.09E+07,3.67E+07,2021.10.28 0:00,76802,255616,12412,4.10E+07,3.70E+07,59729
230,4.10E+07,3.70E+07,2021.10.29 0:00,61941,617785,8567,4.10E+07,3.76E+07,68417
231,4.10E+07,3.76E+07,2021.10.30 0:00,58513,689085,9136,4.11E+07,3.83E+07,77800
232,4.11E+07,3.83E+07,2021.10.31 0:00,36103,357137,3280,4.11E+07,3.87E+07,81224
233,4.11E+07,3.87E+07,2021.11.1 0:00,2736,20354,193,4.11E+07,3.87E+07,81417
234,4.11E+07,3.87E+07,2021.11.2 0:00,82747,118436,34010,4.12E+07,3.88E+07,115906
235,4.12E+07,3.88E+07,2021.11.3 0:00,42176,87113,55974,4.13E+07,3.89E+07,172338
236,4.13E+07,3.89E+07,2021.11.4 0:00,64307,75539,56585,4.13E+07,3.90E+07,229572
237,4.13E+07,3.90E+07,2021.11.5 0:00,60047,123194,44331,4.14E+07,3.91E+07,274593
238,4.14E+07,3.91E+07,2021.11.6 0:00,68878,158244,57095,4.15E+07,3.93E+07,332198
239,4.15E+07,3.93E+07,2021.11.7 0:00,45237,62685,22155,4.15E+07,3.93E+07,355056
240,4.15E+07,3.93E+07,2021.11.8 0:00,2160,4320,639,4.15E+07,3.93E+07,355719
241,4.15E+07,3.93E+07,2021.11.9 0:00,115687,161647,182281,4.16E+07,3.95E+07,538680
242,4.16E+07,3.95E+07,2021.11.10 0:00,45537,125011,99558,4.17E+07,3.96E+07,640232
243,4.17E+07,3.96E+07,2021.11.11 0:00,68404,106636,92845,4.18E+07,3.97E+07,734204
244,4.18E+07,3.97E+07,2021.11.12 0:00,63175,107068,105030,4.18E+07,3.98E+07,841244
245,4.18E+07,3.98E+07,2021.11.13 0:00,78120,148147,141936,4.19E+07,4.00E+07,985914
246,4.19E+07,4.00E+07,2021.11.14 0:00,55234,100839,50403,4.20E+07,4.01E+07,1.04E+06
247,4.20E+07,4.01E+07,2021.11.15 0:00,2281,3311,2186,4.20E+07,4.01E+07,1.04E+06
248,4.20E+07,4.01E+07,2021.11.16 0:00,61500,87466,160691,4.20E+07,4.02E+07,1.20E+06
249,4.20E+07,4.02E+07,2021.11.17 0:00,33249,46728,136485,4.21E+07,4.02E+07,1.34E+06
250,4.21E+07,4.02E+07,2021.11.18 0:00,44991,65899,129449,4.21E+07,4.03E+07,1.48E+06
251,4.21E+07,4.03E+07,2021.11.19 0:00,44684,59442,126466,4.22E+07,4.04E+07,1.61E+06
252,4.22E+07,4.04E+07,2021.11.20 0:00,48145,75206,150205,4.22E+07,4.05E+07,1.76E+06
253,4.22E+07,4.05E+07,2021.11.21 0:00,26988,38846,41526,4.22E+07,4.05E+07,1.81E+06
254,4.22E+07,4.05E+07,2021.11.22 0:00,1375,2126,1937,4.22E+07,4.05E+07,1.81E+06
255,4.22E+07,4.05E+07,2021.11.23 0:00,49198,87611,145209,4.23E+07,4.06E+07,1.96E+06
256,4.23E+07,4.06E+07,2021.11.24 0:00,28236,43631,136670,4.23E+07,4.06E+07,2.10E+06
257,4.23E+07,4.06E+07,2021.11.25 0:00,46778,61577,152147,4.24E+07,4.07E+07,2.26E+06
258,4.24E+07,4.07E+07,2021.11.26 0:00,47564,66613,193366,4.24E+07,4.08E+07,2.46E+06
259,4.24E+07,4.08E+07,2021.11.27 0:00,54302,84823,284323,4.25E+07,4.09E+07,2.76E+06
260,4.25E+07,4.09E+07,2021.11.28 0:00,32431,45760,70433,4.25E+07,4.09E+07,2.84E+06
261,4.25E+07,4.09E+07,2021.11.29 0:00,965,1777,2561,4.25E+07,4.09E+07,2.85E+06
262,4.25E+07,4.09E+07,2021.11.30 0:00,31118,106238,177325,4.25E+07,4.10E+07,3.03E+06
263,4.25E+07,4.10E+07,2021.12.1 0:00,21448,48509,184517,4.26E+07,4.11E+07,3.22E+06
264,4.26E+07,4.11E+07,2021.12.2 0:00,23652,65436,159424,4.26E+07,4.11E+07,3.39E+06
265,4.26E+07,4.11E+07,2021.12.3 0:00,22505,60388,179831,4.26E+07,4.12E+07,3.57E+06
266,4.26E+07,4.12E+07,2021.12.4 0:00,33213,89269,276997,4.27E+07,4.13E+07,3.85E+06
267,4.27E+07,4.13E+07,2021.12.5 0:00,21605,53033,96368,4.27E+07,4.13E+07,3.95E+06
268,4.27E+07,4.13E+07,2021.12.6 0:00,1690,1963,3650,4.27E+07,4.13E+07,3.96E+06
269,4.27E+07,4.13E+07,2021.12.7 0:00,51353,65123,283796,4.27E+07,4.14E+07,4.24E+06
270,4.27E+07,4.14E+07,2021.12.8 0:00,37490,41901,289494,4.28E+07,4.15E+07,4.54E+06
271,4.28E+07,4.15E+07,2021.12.9 0:00,45491,51372,299154,4.28E+07,4.15E+07,4.84E+06
272,4.28E+07,4.15E+07,2021.12.10 0:00,44915,54713,439915,4.29E+07,4.16E+07,5.29E+06
273,4.29E+07,4.16E+07,2021.12.11 0:00,50077,73475,754680,4.29E+07,4.16E+07,6.05E+06
274,4.29E+07,4.17E+07,2021.12.12 0:00,26156,34538,278964,4.30E+07,4.17E+07,6.35E+06
275,4.30E+07,4.17E+07,2021.12.13 0:00,1784,1308,7772,4.30E+07,4.17E+07,6.36E+06
276,4.30E+07,4.17E+07,2021.12.14 0:00,75009,61637,759587,4.30E+07,4.18E+07,7.12E+06
277,4.30E+07,4.18E+07,2021.12.15 0:00,54184,43060,787801,4.31E+07,4.18E+07,7.94E+06
278,4.31E+07,4.18E+07,2021.12.16 0:00,86431,56755,908452,4.32E+07,4.19E+07,8.87E+06
279,4.32E+07,4.19E+07,2021.12.17 0:00,95755,60564,888243,4.33E+07,4.19E+07,9.78E+06
280,4.33E+07,4.19E+07,2021.12.18 0:00,103315,77194,1.14E+06,4.34E+07,4.20E+07,1.10E+07
281,4.34E+07,4.20E+07,2021.12.19 0:00,68273,39911,524726,4.35E+07,4.21E+07,1.15E+07
282,4.35E+07,4.21E+07,2021.12.20 0:00,5851,1743,29240,4.35E+07,4.21E+07,1.16E+07
283,4.35E+07,4.21E+07,2021.12.21 0:00,119334,52293,807347,4.36E+07,4.21E+07,1.24E+07
284,4.36E+07,4.21E+07,2021.12.22 0:00,73863,37324,661259,4.37E+07,4.22E+07,1.31E+07
285,4.37E+07,4.22E+07,2021.12.23 0:00,89757,38216,590569,4.38E+07,4.22E+07,1.37E+07
286,4.38E+07,4.22E+07,2021.12.24 0:00,79148,33891,563646,4.39E+07,4.23E+07,1.43E+07
287,4.39E+07,4.23E+07,2021.12.25 0:00,78717,43219,777917,4.40E+07,4.23E+07,1.51E+07
288,4.40E+07,4.23E+07,2021.12.26 0:00,9912,4790,58612,4.40E+07,4.23E+07,1.52E+07
289,4.40E+07,4.23E+07,2021.12.27 0:00,3247,1574,23782,4.40E+07,4.23E+07,1.52E+07
290,4.40E+07,4.23E+07,2021.12.28 0:00,75170,63684,726933,4.41E+07,4.24E+07,1.60E+07
291,4.41E+07,4.24E+07,2021.12.29 0:00,45453,43013,587719,4.41E+07,4.24E+07,1.66E+07
292,4.41E+07,4.24E+07,2021.12.30 0:00,48807,45847,510846,4.42E+07,4.25E+07,1.71E+07
293,4.42E+07,4.25E+07,2021.12.31 0:00,46646,45494,517087,4.42E+07,4.25E+07,1.77E+07
294,4.42E+07,4.25E+07,2022.1.1 0:00,52423,56673,707893,4.43E+07,4.26E+07,1.84E+07
295,4.43E+07,4.26E+07,2022.1.2 0:00,4202,4858,34112,4.43E+07,4.26E+07,1.85E+07
296,4.43E+07,4.26E+07,2022.1.3 0:00,1878,2185,16209,4.43E+07,4.26E+07,1.85E+07
297,4.42E+07,4.25E+07,2022.1.4 0:00,39839,78260,471638,4.42E+07,4.26E+07,1.90E+07
298,4.42E+07,4.26E+07,2022.1.5 0:00,26368,54370,351030,4.43E+07,4.27E+07,1.93E+07
299,4.43E+07,4.27E+07,2022.1.6 0:00,20565,74703,320870,4.43E+07,4.28E+07,1.97E+07
300,4.43E+07,4.28E+07,2022.1.7 0:00,19361,84088,367248,4.43E+07,4.28E+07,2.01E+07